Age,Dose,2021-02-15,2021-02-16,2021-02-21,2021-02-22,2021-02-23,2021-02-24,2021-02-25,2021-02-26,2021-02-27,2021-02-28,2021-03-01,2021-03-02,2021-03-03,2021-03-04,2021-03-05,2021-03-06,2021-03-07,2021-03-08,2021-03-09,2021-03-10,2021-03-11,2021-03-12,2021-03-13,2021-03-14,2021-03-15,2021-03-16,2021-03-17,2021-03-18,2021-03-19,2021-03-20,2021-03-21,2021-03-22,2021-03-23,2021-03-24,2021-03-25,2021-03-26,2021-03-27,2021-03-28,2021-03-29,2021-03-30,2021-03-31,2021-04-01,2021-04-02,2021-04-03,2021-04-04,2021-04-05,2021-04-06,2021-04-07,2021-04-08,2021-04-09,2021-04-10,2021-04-11,2021-04-12,2021-04-13,2021-04-14,2021-04-15,2021-04-16,2021-04-17,2021-04-18,2021-04-19,2021-04-20,2021-04-21,2021-04-22,2021-04-23,2021-04-24,2021-04-25,2021-04-26,2021-04-27,2021-04-28,2021-04-29,2021-04-30,2021-05-01,2021-05-02,2021-05-03,2021-05-04,2021-05-05,2021-05-06,2021-05-07,2021-05-08,2021-05-09,2021-05-10,2021-05-11,2021-05-12,2021-05-13,2021-05-14,2021-05-15,2021-05-16,2021-05-17,2021-05-18,2021-05-19,2021-05-20,2021-05-21,2021-05-22,2021-05-23,2021-05-24,2021-05-25,2021-05-26,2021-05-27,2021-05-28,2021-05-29,2021-05-30,2021-05-31,2021-06-01,2021-06-02,2021-06-03,2021-06-04,2021-06-05,2021-06-06,2021-06-07,2021-06-08,2021-06-09,2021-06-10,2021-06-11,2021-06-12,2021-06-13,2021-06-14,2021-06-15,2021-06-16,2021-06-17,2021-06-18,2021-06-19,2021-06-20,2021-06-21,2021-06-22,2021-06-23,2021-06-24,2021-06-25,2021-06-26,2021-06-27,2021-06-28,2021-06-29,2021-06-30,2021-07-01,2021-07-02,2021-07-03,2021-07-04,2021-07-05,2021-07-06,2021-07-07,2021-07-08,2021-07-09,2021-07-10,2021-07-11,2021-07-12,2021-07-13,2021-07-14,2021-07-15,2021-07-16,2021-07-17,2021-07-18,2021-07-19,2021-07-20,2021-07-21,2021-07-22,2021-07-23,2021-07-24,2021-07-25,2021-07-26,2021-07-27,2021-07-28,2021-07-29,2021-07-30,2021-07-31,2021-08-01,2021-08-02,2021-08-03,2021-08-04,2021-08-05,2021-08-06,2021-08-07,2021-08-08,2021-08-09,2021-08-10,2021-08-11,2021-08-12,2021-08-13,2021-08-14,2021-08-15,2021-08-16,2021-08-17,2021-08-18,2021-08-19,2021-08-20,2021-08-21,2021-08-22,2021-08-23,2021-08-24,2021-08-25,2021-08-26,2021-08-27,2021-08-28,2021-08-29,2021-08-30,2021-08-31,2021-09-01,2021-09-02,2021-09-03,2021-09-04,2021-09-05,2021-09-06,2021-09-07,2021-09-08,2021-09-09,2021-09-10,2021-09-11,2021-09-12,2021-09-13,2021-09-14,2021-09-15,2021-09-16,2021-09-17,2021-09-18,2021-09-19,2021-09-20,2021-09-21,2021-09-22,2021-09-23,2021-09-24,2021-09-25,2021-09-26,2021-09-27,2021-09-28,2021-09-29,2021-09-30,2021-10-01,2021-10-02,2021-10-03,2021-10-04,2021-10-05,2021-10-06,2021-10-07,2021-10-08,2021-10-09,2021-10-10,2021-10-11,2021-10-12,2021-10-13,2021-10-14,2021-10-15,2021-10-16,2021-10-17,2021-10-18,2021-10-19,2021-10-20,2021-10-21,2021-10-22,2021-10-23,2021-10-24,2021-10-25,2021-10-26,2021-10-27,2021-10-28,2021-10-29,2021-10-30,2021-10-31,2021-11-01,2021-11-02,2021-11-03,2021-11-04,2021-11-05,2021-11-06,2021-11-07,2021-11-09,2021-11-10,2021-11-11,2021-11-12,2021-11-13,2021-11-14,2021-11-15,2021-11-16,2021-11-17,2021-11-18,2021-11-19,2021-11-20,2021-11-21,2021-11-22,2021-11-23,2021-11-24,2021-11-25,2021-11-26,2021-11-27,2021-11-28,2021-11-29,2021-11-30,2021-12-01,2021-12-02,2021-12-03,2021-12-04,2021-12-05,2021-12-06,2021-12-07,2021-12-08,2021-12-09,2021-12-10,2021-12-11,2021-12-12,2021-12-13,2021-12-14,2021-12-15,2021-12-16,2021-12-17,2021-12-18,2021-12-19,2021-12-20,2021-12-21,2021-12-22,2021-12-23,2021-12-24,2021-12-25,2021-12-26,2021-12-27,2021-12-28,2021-12-29
Total,First,2092453,2320696,2835865,2938813,3037063,3123895,3152171,3289086,3303645,3305214,3433987,3592523,3749492,3894967,4031812,4047653,4050296,4176094,4225613,4451961,4618528,4774004,4804999,4809176,4954541,5120765,5274603,5424393,5567247,5596657,5601093,5739672,5889862,5948696,6202268,6367875,6386738,6387953,6534522,6668300,6795818,6928520,6937113,6939461,6940748,7017559,7111354,7144047,7144047,7284213,7354826,7369321,7370951,7444769,7521754,7600908,7664226,7664226,7733990,7735162,7777919,15932698,15932698,15932698,15932698,15932698,15932698,15200840,15200840,15200840,15200840,15200840,15200840,15200840,15200840,15200840,15200840,15200840,15200840,15200840,15200840,15200840,15200840,15200840,15200840,15200840,15200840,15200840,15200840,15200840,15200840,15200840,15200840,15200840,15200840,15200840,15200840,15200840,15200840,15200840,15200840,15200840,15200840,15200840,15200840,15200840,15200840,11161231,11165273,11244773,11324911,11416884,11526443,11612320,11612320,11639399,11744468,11832667,11832667,11832667,11832667,12081916,12081916,12108457,12199649,12282559,12387556,12467055,12486616,12489116,12491503,12552568,12613555,12613555,12690847,12704786,12706871,12749542,12788547,12812812,12812812,12854949,12871400,12873584,12898403,12919995,12937097,12989519,12992986,13000801,13001707,13025147,13045143,13045143,13045143,13090641,13109595,13111514,13118877,13123519,13127634,13132544,13134474,13134838,13135163,13163094,13343839,13352574,13355851,13358742,13359108,13359173,13433685,13433685,13506343,13509012,13511000,13511560,13511793,13548311,13584298,13589692,13593149,13593149,13598011,13598677,13627620,13654465,13654465,13676135,13678942,13680280,13680743,13701765,13723688,13727017,13729381,13731520,13732231,13732395,13748727,13766027,13768366,13770126,13771653,13771653,13771653,13779844,13792165,13792165,13808208,13809393,13809420,13809420,13815605,13815605,13833799,13841145,13848993,13851805,13851996,13858300,13858300,13881385,13891753,13891753,13905880,13906164,13913782,13924689,13933583,13941129,13948497,13950993,13951084,13951185,13956460,13964655,13971860,13979136,13981648,13981746,13987225,13994718,14001584,14008016,14008016,14008016,14016510,14021729,14021729,14038118,14046060,14053977,14057009,14057302,14057400,14063531,14072680,14081271,14089750,14093118,14099536,14108572,14116407,14123489,14130615,14134025,14134298,14140046,14148523,14155658,14162063,14162063,14170555,14170775,14174999,14180996,14186186,14191211,14191211,14198182,14198433,14202179,14207954,14213079,14217920,14222571,14224532,14224760,14228180,14233098,14235005,14237624,14241706,14243497,14243719,14246689,14251170,14255258,14258867,14262273,14263602,14263759,14265930,14269127,14272073,14272073,14272073,14272073,14272073,14277736,14281016
Total,Second,54819,55028,55242,55326,55463,55693,55761,55941,55955,56064,56585,67785,211353,375057,535600,565593,574628,772389,864070,1270251,1515874,1742245,1776944,1782612,2040279,2287249,2504926,2692923,2850974,2867453,2869773,2986085,3078772,3105216,3201581,3253476,3258277,3258782,3370569,3513361,3665965,3832331,3843651,3845480,3846294,4042671,4192320,4252025,4252025,4494062,4643082,4662274,4664573,4815079,4975239,5126051,5270056,5270056,5426216,5428829,5574683,7845951,7899354,7905200,7946284,7953379,7953916,7995746,8035014,8052578,8083408,8133995,8136214,8137185,8213066,8293282,8374316,8456742,8456742,8559854,8561191,8660640,8767853,8872132,9009035,9072228,9076487,9077086,9196388,9331722,9456260,9582096,9582096,9619897,9624353,9789366,9979014,10156276,10323751,10470868,10516303,10526028,10676196,10817098,10928685,10986923,11029781,8416900,8420205,8544845,8669868,8786431,8892643,8991704,8991704,9005224,9117659,9241584,9241584,9241584,9241584,9521763,9521763,9556354,9747148,9917815,10120894,10289270,10330738,10335657,10340278,10533126,10684278,10684278,10851979,10874436,10876925,10955309,11028819,11106970,11106970,11276227,11298497,11301055,11399491,11487412,11585036,11674216,11679139,11691770,11693055,11758626,11843564,11843564,11843564,11993341,12004111,12005023,12038580,12070653,12091227,12139419,12154695,12158800,12161610,12167623,12206947,12466979,12493881,12513289,12514111,12514159,12531634,12531634,12591805,12628440,12652910,12654202,12654428,12673225,12696682,12724183,12744630,12744630,12767665,12768457,12795675,12817333,12817333,12851487,12866470,12868499,12869025,12946675,13040060,13061224,13074496,13084386,13085416,13085614,13144840,13207294,13220521,13229307,13236384,13236384,13236384,13260870,13299747,13299747,13333653,13335205,13335232,13335233,13349435,13349435,13391653,13404374,13413968,13417198,13417332,13428179,13428179,13460187,13469250,13469250,13479757,13479884,13489506,13504536,13514354,13520448,13525865,13527647,13527693,13527764,13536453,13547644,13556496,13563061,13565086,13565163,13571289,13580174,13588641,13596592,13596592,13596592,13606856,13612979,13612979,13634230,13644790,13655680,13659319,13659510,13659619,13668100,13680309,13691245,13701777,13705463,13710524,13720145,13729858,13739010,13747824,13751243,13751472,13758168,13768344,13776959,13784890,13784890,13795474,13795641,13801311,13809960,13818359,13826353,13826353,13837335,13837555,13841309,13849359,13857755,13865775,13873750,13876748,13877007,13882920,13891604,13894894,13900706,13908832,13912136,13912456,13918351,13927182,13934979,13941745,13948178,13950574,13950773,13954820,13960941,13966542,13966542,13966542,13966542,13966542,13978263,13985043
15-17,First,139,150,,,,,,,,,,,,,,,,,,,,,,,,,,,,,,,,,,,,,,,,,,,,,,,,,,,,,,,,,,,,731858,731858,731858,731858,731858,731858,0,0,0,0,0,0,0,0,0,0,0,0,0,0,0,0,0,0,0,0,0,0,0,0,0,0,0,0,0,0,0,0,0,0,0,0,0,0,0,0,0,,,,,,,,,,,,,,,,,,,,,,,,,,,,,,,,,,,,,,,,,,,,,,,,,,,,,,,,,,,,,,,,,,,,,,,,,,,,,,,,,,,,,,,,,,,,,,,,,,,,,,,,,,,,,,,,,,,,,,,,,,,,,,,,,,,,,,,,,,,,,,,,,,,,,,,,,,,,,,,,,,,,,,,,,,,,,,,,,,,,,,,,,,,,,,,,,,,,,,,,,,,,,
15-17,Second,11,18,,,,,,,,,,,,,,,,,,,,,,,,,,,,,,,,,,,,,,,,,,,,,,,,,,,,,,,,,,,,25277,25473,25591,25695,25735,25735,25905,26101,0,0,0,0,0,0,0,0,0,0,0,0,0,0,0,0,0,0,0,0,0,0,0,0,0,0,0,0,0,0,0,0,0,0,0,0,0,0,0,,,,,,,,,,,,,,,,,,,,,,,,,,,,,,,,,,,,,,,,,,,,,,,,,,,,,,,,,,,,,,,,,,,,,,,,,,,,,,,,,,,,,,,,,,,,,,,,,,,,,,,,,,,,,,,,,,,,,,,,,,,,,,,,,,,,,,,,,,,,,,,,,,,,,,,,,,,,,,,,,,,,,,,,,,,,,,,,,,,,,,,,,,,,,,,,,,,,,,,,,,,,,
18-39,First,419404,453907,,,,,,,,,,,,,,,,,,,,,,,,,,,,,,,,,,,,,,,,,,,,,,,,,,,,,,,,,,,,6677530,6677530,6677530,6677530,6677530,6677530,6677530,6677530,6677530,6677530,6677530,6677530,6677530,6677530,6677530,6677530,6677530,6677530,6677530,6677530,6677530,6677530,6677530,6677530,6677530,6677530,6677530,6677530,6677530,6677530,6677530,6677530,6677530,6677530,6677530,6677530,6677530,6677530,6677530,6677530,6677530,6677530,6677530,6677530,6677530,6677530,3897863,3900931,3956565,4012145,4075918,4165747,4232819,4232819,4253261,4341135,4414407,4414407,4414407,4414407,4626448,4626448,4647921,4729257,4801483,4896048,4964808,4981120,4983149,4985037,5033579,5081874,5081874,5140079,5150854,5152432,5184364,5213989,5231765,5231765,5261630,5273534,5275158,5292549,5307618,5319532,5357330,5359845,5365546,5366227,5382622,5396540,5396540,5396540,5428099,5441750,5443229,5448195,5451397,5454125,5457565,5458920,5459169,5459413,5479720,5613126,5619371,5621646,5623582,5623837,5623884,5677002,5677002,5729115,5730939,5732320,5732731,5732880,5758756,5784296,5788157,5790691,5790691,5794160,5794672,5815018,5833922,5833922,5849433,5851478,5852468,5852795,5867593,5883292,5885640,5887338,5888821,5889334,5889440,5900910,5913236,5914925,5916132,5917175,5917175,5917175,5923006,5932025,5932025,5943567,5944384,5944399,5944399,5948794,5948794,5961929,5967220,5972850,5974795,5974933,5979372,5979372,5995667,6002891,6002891,6012934,6013142,6018544,6026217,6032584,6037881,6043046,6044767,6044833,6044901,6048627,6054320,6059369,6064451,6066210,6066267,6070086,6075256,6079982,6084398,6084398,6084398,6090152,6093613,6093613,6104342,6109524,6114559,6116475,6116659,6116717,6120545,6126355,6132028,6137672,6139966,6144138,6150233,6155573,6160325,6165068,6167356,6167524,6171241,6176849,6181639,6185839,6185839,6191506,6191649,6194448,6198494,6202046,6205440,6205440,6210200,6210366,6212849,6216704,6220112,6223371,6226432,6227737,6227885,6230152,6233461,6234767,6236576,6239343,6240571,6240727,6242686,6245709,6248433,6250952,6253318,6254222,6254327,6255796,6258012,6260034,6260034,6260034,6260034,6260034,6263847,6266102
18-39,Second,34798,34887,,,,,,,,,,,,,,,,,,,,,,,,,,,,,,,,,,,,,,,,,,,,,,,,,,,,,,,,,,,,1829190,1839719,1834706,1841605,1843036,1843190,1848676,1855190,1861487,1867022,1874809,1875643,1876013,1882231,1888183,1893873,1900345,1900345,1909426,1909707,1965079,2034754,2106253,2204661,2249532,2252351,2252705,2351188,2466133,2569978,2675602,2675602,2705260,2708559,2835779,2981941,3120810,3250721,3357685,3390276,3397269,3513274,3627293,3717851,3761657,3793136,1946963,1948647,2013185,2088078,2162753,2235546,2303122,2303122,2311540,2398890,2499332,2499332,2499332,2499332,2722847,2722847,2749367,2892822,3022947,3186076,3314534,3345821,3349398,3352863,3499523,3616338,3616338,3740453,3757610,3759453,3814385,3864676,3917552,3917552,4046916,4063434,4065373,4143996,4214676,4297175,4369713,4373706,4383854,4384880,4437736,4510007,4510007,4510007,4630854,4639187,4639898,4665641,4689167,4703580,4739827,4751378,4754474,4756635,4760918,4790242,4997784,5018308,5032584,5033191,5033221,5045563,5045563,5088264,5114601,5132884,5133797,5133942,5146750,5163335,5182124,5196395,5196395,5212742,5213328,5232033,5247195,5247195,5271582,5282712,5284188,5284549,5339993,5407313,5423297,5433421,5440785,5441537,5441666,5482634,5526801,5536733,5543297,5548615,5548615,5548615,5565415,5593070,5593070,5618178,5619352,5619371,5619371,5629102,5629102,5658796,5668072,5675022,5677404,5677500,5684780,5684780,5707740,5714463,5714463,5722364,5722454,5729090,5739856,5747041,5751579,5755586,5756938,5756967,5757021,5763051,5771025,5777463,5782360,5783909,5783962,5788279,5794582,5800653,5806239,5806239,5806239,5813491,5817701,5817701,5832177,5839307,5846855,5849465,5849589,5849661,5855186,5863485,5871131,5878550,5881204,5884765,5891601,5898472,5904962,5911181,5913576,5913729,5918194,5925168,5931139,5936633,5936633,5943996,5944110,5947865,5953656,5959270,5964595,5964595,5971894,5972040,5974530,5979805,5985426,5990811,5996094,5998127,5998298,6002046,6007826,6010098,6013889,6019350,6021595,6021821,6025521,6031432,6036649,6041126,6045417,6047049,6047185,6049802,6053961,6057741,6057741,6057741,6057741,6057741,6065437,6069877
40-49,First,166075,184883,,,,,,,,,,,,,,,,,,,,,,,,,,,,,,,,,,,,,,,,,,,,,,,,,,,,,,,,,,,,2658453,2658453,2658453,2658453,2658453,2658453,2658453,2658453,2658453,2658453,2658453,2658453,2658453,2658453,2658453,2658453,2658453,2658453,2658453,2658453,2658453,2658453,2658453,2658453,2658453,2658453,2658453,2658453,2658453,2658453,2658453,2658453,2658453,2658453,2658453,2658453,2658453,2658453,2658453,2658453,2658453,2658453,2658453,2658453,2658453,2658453,2070954,2071496,2083769,2096390,2111440,2121460,2130857,2130857,2134401,2142921,2150373,2150373,2150373,2150373,2168703,2168703,2171385,2175987,2181524,2186882,2192466,2194238,2194490,2194780,2200806,2207113,2207113,2216409,2218057,2218355,2223866,2228725,2231904,2231904,2237776,2240127,2240417,2243880,2246922,2249294,2256499,2257020,2258093,2258219,2261647,2264489,2264489,2264489,2270981,2273724,2273973,2275030,2275656,2276223,2276819,2277065,2277125,2277168,2281023,2305105,2306270,2306682,2307111,2307160,2307172,2317713,2317713,2327820,2328175,2328448,2328531,2328574,2333781,2338844,2339604,2340044,2340044,2340701,2340792,2344927,2348820,2348820,2351837,2352224,2352427,2352510,2355556,2358591,2359020,2359314,2359575,2359686,2359722,2361937,2364359,2364615,2364808,2364939,2364939,2364939,2366124,2367809,2367809,2370102,2370291,2370296,2370296,2371237,2371237,2373873,2374871,2375997,2376443,2376471,2377398,2377398,2380889,2382492,2382492,2384585,2384626,2385701,2387437,2388758,2389903,2391016,2391417,2391428,2391450,2392231,2393463,2394599,2395762,2396130,2396149,2396983,2398143,2399261,2400297,2400297,2400297,2401605,2402359,2402359,2404878,2406129,2407426,2407926,2407980,2408003,2408880,2410363,2411677,2412983,2413510,2414451,2415792,2416931,2418027,2419107,2419622,2419667,2420589,2421904,2422977,2423941,2423941,2425249,2425283,2425964,2426887,2427644,2428397,2428397,2429426,2429467,2430018,2430884,2431677,2432364,2433059,2433336,2433368,2433883,2434609,2434890,2435219,2435825,2436103,2436138,2436615,2437299,2437899,2438392,2438851,2439061,2439091,2439398,2439845,2440256,2440256,2440256,2440256,2440256,2441103,2441548
40-49,Second,9942,9976,,,,,,,,,,,,,,,,,,,,,,,,,,,,,,,,,,,,,,,,,,,,,,,,,,,,,,,,,,,,1146655,1171854,1188452,1210815,1214006,1214221,1243161,1269829,1302130,1322686,1351317,1352230,1352649,1411059,1476782,1544184,1612094,1612094,1694336,1695224,1730440,1759238,1783188,1810693,1823765,1824778,1824962,1838895,1852156,1865494,1878058,1878058,1883290,1884045,1905784,1929968,1951381,1971355,1992467,1999501,2001054,2018494,2032334,2042664,2049513,2054707,1579179,1580426,1627537,1665313,1695784,1719727,1741933,1741933,1745789,1762706,1778448,1778448,1778448,1778448,1814752,1814752,1819806,1845114,1867623,1888997,1910538,1916262,1916980,1917645,1940443,1958287,1958287,1980951,1983932,1984291,1996113,2007846,2020434,2020434,2040603,2043693,2044044,2054067,2062816,2070324,2078679,2079179,2080523,2080681,2087301,2093622,2093622,2093622,2108377,2109702,2109806,2114046,2118152,2120908,2126343,2128127,2128643,2128986,2129818,2134914,2182329,2185878,2188593,2188715,2188724,2191109,2191109,2199288,2204060,2207185,2207367,2207413,2210258,2213595,2217600,2220432,2220432,2223566,2223690,2227856,2231104,2231104,2236048,2237999,2238298,2238399,2249556,2262511,2265173,2266772,2268018,2268173,2268216,2276989,2285995,2287672,2288778,2289605,2289605,2289605,2293311,2298904,2298904,2303436,2303628,2303632,2303632,2305718,2305718,2311873,2313597,2314901,2315352,2315376,2316986,2316986,2321435,2322643,2322643,2323986,2324009,2325389,2327539,2328939,2329740,2330447,2330659,2330664,2330673,2331915,2333467,2334734,2335596,2335844,2335859,2336798,2338148,2339407,2340600,2340600,2340600,2342157,2343069,2343069,2346447,2348097,2349762,2350297,2350335,2350355,2351665,2353645,2355319,2356935,2357505,2358242,2359726,2361198,2362605,2363942,2364519,2364564,2365663,2367232,2368536,2369745,2369745,2371323,2371356,2372244,2373591,2374869,2376072,2376072,2377774,2377818,2378398,2379643,2380925,2382139,2383367,2383838,2383884,2384808,2386098,2386586,2387461,2388712,2389230,2389273,2390223,2391577,2392745,2393784,2394761,2395126,2395158,2395823,2396729,2397580,2397580,2397580,2397580,2397580,2399335,2400370
50-59,First,131983,149873,,,,,,,,,,,,,,,,,,,,,,,,,,,,,,,,,,,,,,,,,,,,,,,,,,,,,,,,,,,,2392614,2392614,2392614,2392614,2392614,2392614,2392614,2392614,2392614,2392614,2392614,2392614,2392614,2392614,2392614,2392614,2392614,2392614,2392614,2392614,2392614,2392614,2392614,2392614,2392614,2392614,2392614,2392614,2392614,2392614,2392614,2392614,2392614,2392614,2392614,2392614,2392614,2392614,2392614,2392614,2392614,2392614,2392614,2392614,2392614,2392614,2102521,2102846,2110016,2117368,2125534,2131495,2137184,2137184,2139239,2144380,2148930,2148930,2148930,2148930,2160331,2160331,2161912,2165063,2168322,2171508,2174766,2175765,2175916,2176068,2179922,2183756,2183756,2189618,2190547,2190674,2193839,2196559,2198536,2198536,2202276,2203683,2203866,2206178,2208131,2209735,2214158,2214435,2215085,2215156,2217255,2219159,2219159,2219159,2223328,2224892,2225023,2225759,2226229,2226675,2227168,2227349,2227381,2227406,2229684,2243827,2244584,2244909,2245226,2245267,2245269,2251653,2251653,2257691,2257936,2258101,2258139,2258164,2261247,2264278,2264700,2264993,2264993,2265491,2265540,2268052,2270295,2270295,2272108,2272328,2272447,2272487,2274332,2276124,2276403,2276549,2276818,2276873,2276890,2278421,2279852,2280136,2280389,2280635,2280635,2280635,2281355,2282322,2282322,2283669,2283769,2283771,2283771,2284307,2284307,2285761,2286387,2287052,2287303,2287321,2287888,2287888,2289952,2290924,2290924,2292125,2292147,2292901,2293844,2294560,2295194,2295858,2296082,2296088,2296095,2296566,2297336,2297985,2298668,2298904,2298914,2299419,2300125,2300762,2301353,2301353,2301353,2302178,2302770,2302770,2304543,2305377,2306254,2306622,2306661,2306671,2307474,2308514,2309389,2310252,2310581,2311330,2312214,2312937,2313604,2314297,2314661,2314698,2315350,2316227,2316947,2317611,2317611,2318436,2318459,2318888,2319456,2319970,2320435,2320435,2321083,2321109,2321507,2322097,2322596,2323083,2323568,2323801,2323827,2324155,2324635,2324802,2325065,2325450,2325617,2325629,2325922,2326331,2326726,2327065,2327379,2327485,2327498,2327723,2328023,2328312,2328312,2328312,2328312,2328312,2328841,2329162
50-59,Second,6844,6877,,,,,,,,,,,,,,,,,,,,,,,,,,,,,,,,,,,,,,,,,,,,,,,,,,,,,,,,,,,,1865365,1878547,1877210,1885843,1887713,1887829,1892953,1897043,1900578,1903921,1914212,1914568,1914713,1922031,1928097,1933603,1939104,1939104,1947492,1947623,1953551,1959380,1965364,1972811,1976359,1976646,1976689,1981227,1986025,1991074,1996265,1996265,1998309,1998609,2009170,2021706,2033130,2044317,2056626,2060588,2061435,2071868,2079859,2086063,2090177,2093424,1916375,1916684,1926165,1934949,1943102,1949689,1956147,1956147,1957035,1962544,1967784,1967784,1967784,1967784,1981818,1981818,1983906,1997930,2009862,2022177,2034698,2037833,2038280,2038639,2053662,2064203,2064203,2077280,2078823,2079023,2086031,2092866,2100287,2100287,2112186,2113977,2114161,2120214,2125376,2129928,2134990,2135275,2136045,2136123,2139994,2143848,2143848,2143848,2152206,2152945,2153006,2155168,2157478,2159133,2162592,2163652,2163942,2164121,2164659,2167440,2170541,2172234,2173639,2173703,2173708,2175197,2175197,2180199,2183275,2184979,2185088,2185109,2186879,2188939,2191503,2193442,2193442,2195560,2195628,2198163,2200134,2200134,2202923,2204030,2204220,2204268,2210849,2218865,2220312,2221151,2221979,2222057,2222079,2227686,2233140,2234153,2234873,2235492,2235492,2235492,2237812,2241104,2241104,2243522,2243630,2243634,2243635,2244943,2244943,2248510,2249511,2250246,2250483,2250493,2251650,2251650,2254277,2254958,2254958,2255684,2255692,2256647,2257890,2258596,2259018,2259407,2259545,2259550,2259554,2260330,2261378,2262108,2262663,2262809,2262814,2263360,2264082,2264723,2265400,2265400,2265400,2266264,2266874,2266874,2268926,2269942,2270943,2271260,2271277,2271287,2272252,2273437,2274402,2275284,2275594,2276094,2276890,2277693,2278424,2279156,2279431,2279453,2280148,2281097,2281854,2282584,2282584,2283541,2283551,2284132,2284998,2285796,2286607,2286607,2287727,2287744,2288120,2288952,2289765,2290553,2291362,2291645,2291666,2292355,2293235,2293524,2294100,2294888,2295222,2295251,2295940,2296769,2297537,2298213,2298858,2299089,2299109,2299527,2300089,2300625,2300625,2300625,2300625,2300625,2301847,2302570
60-69,First,294904,411067,,,,,,,,,,,,,,,,,,,,,,,,,,,,,,,,,,,,,,,,,,,,,,,,,,,,,,,,,,,,1857879,1857879,1857879,1857879,1857879,1857879,1857879,1857879,1857879,1857879,1857879,1857879,1857879,1857879,1857879,1857879,1857879,1857879,1857879,1857879,1857879,1857879,1857879,1857879,1857879,1857879,1857879,1857879,1857879,1857879,1857879,1857879,1857879,1857879,1857879,1857879,1857879,1857879,1857879,1857879,1857879,1857879,1857879,1857879,1857879,1857879,1648049,1648127,1651127,1654199,1657669,1660138,1662625,1662625,1663363,1665767,1667675,1667675,1667675,1667675,1672560,1672560,1673141,1674505,1675802,1677055,1678388,1678741,1678792,1678837,1680566,1682285,1682285,1684816,1685228,1685289,1686666,1687856,1688653,1688653,1690388,1690934,1690994,1692047,1693021,1693795,1695772,1695878,1696152,1696176,1697154,1697997,1697997,1697997,1700015,1700702,1700750,1701159,1701390,1701613,1701854,1701943,1701959,1701965,1702966,1709010,1709371,1709554,1709695,1709706,1709709,1712622,1712622,1715436,1715556,1715627,1715644,1715655,1717063,1718445,1718605,1718738,1718738,1718896,1718909,1720175,1721243,1721243,1722089,1722196,1722217,1722225,1723115,1724005,1724202,1724386,1724462,1724478,1724479,1725174,1725886,1725959,1726020,1726081,1726081,1726081,1726375,1726796,1726796,1727306,1727345,1727349,1727349,1727537,1727537,1728148,1728395,1728668,1728775,1728781,1729015,1729015,1729800,1730161,1730161,1730680,1730688,1730960,1731297,1731599,1731857,1732132,1732231,1732237,1732239,1732443,1732759,1732985,1733187,1733270,1733277,1733486,1733781,1734008,1734236,1734236,1734236,1734615,1734872,1734872,1735737,1736138,1736591,1736755,1736768,1736773,1737183,1737720,1738221,1738635,1738756,1739097,1739534,1739927,1740271,1740636,1740794,1740812,1741106,1741528,1741841,1742189,1742189,1742627,1742642,1742818,1743099,1743332,1743570,1743570,1743909,1743923,1744129,1744400,1744673,1744922,1745167,1745248,1745265,1745464,1745698,1745785,1745925,1746130,1746205,1746217,1746367,1746581,1746805,1746950,1747124,1747188,1747191,1747294,1747442,1747576,1747576,1747576,1747576,1747576,1747863,1748029
60-69,Second,2534,2554,,,,,,,,,,,,,,,,,,,,,,,,,,,,,,,,,,,,,,,,,,,,,,,,,,,,,,,,,,,,1570071,1573260,1570529,1572732,1573147,1573178,1574636,1575859,1576863,1577746,1580527,1580608,1580635,1583230,1584951,1586592,1588329,1588329,1590784,1590816,1592877,1594853,1596843,1599367,1600555,1600650,1600661,1602357,1604038,1605721,1607445,1607445,1608085,1608169,1612140,1616895,1620965,1625400,1630122,1631508,1631767,1636117,1639601,1642629,1644988,1646949,1573485,1573539,1576056,1578516,1580805,1582841,1584835,1584835,1585077,1586999,1588803,1588803,1588803,1588803,1593251,1593251,1593949,1599600,1603949,1608268,1612410,1613399,1613524,1613616,1619347,1623379,1623379,1628804,1629377,1629442,1632614,1635781,1639399,1639399,1644657,1645272,1645330,1647915,1650138,1652183,1654298,1654396,1654676,1654688,1656217,1657873,1657873,1657873,1661765,1662033,1662052,1663042,1664452,1665608,1667631,1668176,1668319,1668405,1668661,1670089,1671408,1672198,1672907,1672922,1672926,1673728,1673728,1676469,1678049,1678889,1678936,1678943,1679799,1680695,1682035,1682985,1682985,1683971,1683984,1685193,1685965,1685965,1687252,1687784,1687826,1687837,1690821,1694266,1694980,1695481,1695807,1695832,1695833,1698394,1700911,1701324,1701576,1701771,1701771,1701771,1702805,1704262,1704262,1705350,1705392,1705392,1705392,1706115,1706115,1707841,1708278,1708643,1708733,1708735,1709247,1709247,1710470,1710757,1710757,1711091,1711097,1711512,1712044,1712379,1712570,1712746,1712781,1712783,1712787,1713191,1713563,1713824,1713958,1714000,1714003,1714192,1714517,1714799,1715089,1715089,1715089,1715438,1715683,1715683,1716559,1717042,1717477,1717599,1717606,1717608,1718080,1718571,1718990,1719378,1719481,1719668,1720016,1720383,1720716,1721048,1721162,1721170,1721460,1721909,1722263,1722573,1722573,1723014,1723018,1723307,1723725,1724159,1724580,1724580,1725113,1725123,1725313,1725751,1726212,1726627,1727048,1727188,1727202,1727540,1727980,1728137,1728475,1728868,1729002,1729017,1729372,1729828,1730211,1730580,1730912,1731024,1731031,1731233,1731530,1731809,1731809,1731809,1731809,1731809,1732449,1732791
70-72,First,243617,259228,,,,,,,,,,,,,,,,,,,,,,,,,,,,,,,,,,,,,,,,,,,,,,,,,,,,,,,,,,,,,,,,,,,,,,,,,,,,,,,,,,,,,,,,,,,,,,,,,,,,,,,,,,,,,,,,,,,,,,,,,,,,,,,,,,,,,,,,,,,,,,,,,,,,,,,,,,,,,,,,,,,,,,,,,,,,,,,,,,,,,,,,,,,,,,,,,,,,,,,,,,,,,,,,,,,,,,,,,,,,,,,,,,,,,,,,,,,,,,,,,,,,,,,,,,,,,,,,,,,,,,,,,,,,,,,,,,,,,,,,,,,,,,,,,,,,,,,,,,,,,,,,,,,,,,,
70-72,Second,165,168,,,,,,,,,,,,,,,,,,,,,,,,,,,,,,,,,,,,,,,,,,,,,,,,,,,,,,,,,,,,,,,,,,,,,,,,,,,,,,,,,,,,,,,,,,,,,,,,,,,,,,,,,,,,,,,,,,,,,,,,,,,,,,,,,,,,,,,,,,,,,,,,,,,,,,,,,,,,,,,,,,,,,,,,,,,,,,,,,,,,,,,,,,,,,,,,,,,,,,,,,,,,,,,,,,,,,,,,,,,,,,,,,,,,,,,,,,,,,,,,,,,,,,,,,,,,,,,,,,,,,,,,,,,,,,,,,,,,,,,,,,,,,,,,,,,,,,,,,,,,,,,,,,,,,,,
73-74,First,154026,159409,170131,173427,175887,177825,178480,181539,181731,181751,182720,183617,184483,185350,186148,186278,186310,187035,187283,188533,189339,190080,190242,190266,190920,191527,192055,192595,193128,193216,193238,193709,194156,194306,194880,195183,195213,195218,195536,195846,196100,196343,196374,196377,196381,196635,196826,196902,196902,197201,197401,197428,197431,197629,197787,197959,198131,198131,198300,198301,198480,198480,,,,,,,,,,,,,,,,,,,,,,,,,,,,,,,,,,,,,,,,,,,,,,,,,,,,,,,,,,,,,,,,,,,,,,,,,,,,,,,,,,,,,,,,,,,,,,,,,,,,,,,,,,,,,,,,,,,,,,,,,,,,,,,,,,,,,,,,,,,,,,,,,,,,,,,,,,,,,,,,,,,,,,,,,,,,,,,,,,,,,,,,,,,,,,,,,,,,,,,,,,,,,,,,,,,,,,,,,,,,,,,,,,,,,,,,,,,,,,,,,,,,,,,,,,,
73-74,Second,73,74,74,74,77,78,78,79,79,79,79,133,3014,7926,14379,16106,16767,26403,31050,57568,124188,140250,142138,142399,150061,155849,160117,163717,166806,167247,167310,170709,173377,174163,177163,178763,178912,178930,180032,181006,181915,182882,182957,182971,182979,184180,185039,185336,185336,186628,187387,187512,187533,188268,188911,189503,190097,190097,190762,190779,191302,191302,,,,,,,,,,,,,,,,,,,,,,,,,,,,,,,,,,,,,,,,,,,,,,,,,,,,,,,,,,,,,,,,,,,,,,,,,,,,,,,,,,,,,,,,,,,,,,,,,,,,,,,,,,,,,,,,,,,,,,,,,,,,,,,,,,,,,,,,,,,,,,,,,,,,,,,,,,,,,,,,,,,,,,,,,,,,,,,,,,,,,,,,,,,,,,,,,,,,,,,,,,,,,,,,,,,,,,,,,,,,,,,,,,,,,,,,,,,,,,,,,,,,,,,,,,,
75-77,First,200180,206399,219671,223648,226724,229206,229988,233812,234011,234038,235307,236368,237347,238375,239374,239525,239558,240488,240767,242506,243446,244345,244525,244561,245296,246043,246751,247327,247916,248034,248065,248650,249146,249347,250132,250483,250520,250525,250897,251231,251558,251856,251877,251880,251884,252160,252444,252531,252531,252926,253137,253186,253191,253376,253628,253824,254007,254007,254242,254244,254459,254459,,,,,,,,,,,,,,,,,,,,,,,,,,,,,,,,,,,,,,,,,,,,,,,,,,,,,,,,,,,,,,,,,,,,,,,,,,,,,,,,,,,,,,,,,,,,,,,,,,,,,,,,,,,,,,,,,,,,,,,,,,,,,,,,,,,,,,,,,,,,,,,,,,,,,,,,,,,,,,,,,,,,,,,,,,,,,,,,,,,,,,,,,,,,,,,,,,,,,,,,,,,,,,,,,,,,,,,,,,,,,,,,,,,,,,,,,,,,,,,,,,,,,,,,,,,
75-77,Second,86,88,89,89,90,91,91,91,91,91,92,172,4148,11440,20938,23581,24585,38906,47598,151291,174206,185867,187728,188018,195776,202212,207208,211553,215331,215861,215950,220004,223257,224231,228039,230106,230263,230276,231679,232852,233949,235153,235261,235286,235297,236669,237711,238131,238131,239858,240796,240923,240946,241782,242592,243327,243986,243986,244708,244728,245338,245338,,,,,,,,,,,,,,,,,,,,,,,,,,,,,,,,,,,,,,,,,,,,,,,,,,,,,,,,,,,,,,,,,,,,,,,,,,,,,,,,,,,,,,,,,,,,,,,,,,,,,,,,,,,,,,,,,,,,,,,,,,,,,,,,,,,,,,,,,,,,,,,,,,,,,,,,,,,,,,,,,,,,,,,,,,,,,,,,,,,,,,,,,,,,,,,,,,,,,,,,,,,,,,,,,,,,,,,,,,,,,,,,,,,,,,,,,,,,,,,,,,,,,,,,,,,
78-80,First,161011,165565,,,,,,,,,,,,,,,,,,,,,,,,,,,,,,,,,,,,,,,,,,,,,,,,,,,,,,,,,,,,,,,,,,,,,,,,,,,,,,,,,,,,,,,,,,,,,,,,,,,,,,,,,,,,,,,,,,,,,,,,,,,,,,,,,,,,,,,,,,,,,,,,,,,,,,,,,,,,,,,,,,,,,,,,,,,,,,,,,,,,,,,,,,,,,,,,,,,,,,,,,,,,,,,,,,,,,,,,,,,,,,,,,,,,,,,,,,,,,,,,,,,,,,,,,,,,,,,,,,,,,,,,,,,,,,,,,,,,,,,,,,,,,,,,,,,,,,,,,,,,,,,,,,,,,,,
78-80,Second,72,78,,,,,,,,,,,,,,,,,,,,,,,,,,,,,,,,,,,,,,,,,,,,,,,,,,,,,,,,,,,,,,,,,,,,,,,,,,,,,,,,,,,,,,,,,,,,,,,,,,,,,,,,,,,,,,,,,,,,,,,,,,,,,,,,,,,,,,,,,,,,,,,,,,,,,,,,,,,,,,,,,,,,,,,,,,,,,,,,,,,,,,,,,,,,,,,,,,,,,,,,,,,,,,,,,,,,,,,,,,,,,,,,,,,,,,,,,,,,,,,,,,,,,,,,,,,,,,,,,,,,,,,,,,,,,,,,,,,,,,,,,,,,,,,,,,,,,,,,,,,,,,,,,,,,,,,
81-84,First,148671,152648,,,,,,,,,,,,,,,,,,,,,,,,,,,,,,,,,,,,,,,,,,,,,,,,,,,,,,,,,,,,,,,,,,,,,,,,,,,,,,,,,,,,,,,,,,,,,,,,,,,,,,,,,,,,,,,,,,,,,,,,,,,,,,,,,,,,,,,,,,,,,,,,,,,,,,,,,,,,,,,,,,,,,,,,,,,,,,,,,,,,,,,,,,,,,,,,,,,,,,,,,,,,,,,,,,,,,,,,,,,,,,,,,,,,,,,,,,,,,,,,,,,,,,,,,,,,,,,,,,,,,,,,,,,,,,,,,,,,,,,,,,,,,,,,,,,,,,,,,,,,,,,,,,,,,,,
81-84,Second,93,98,,,,,,,,,,,,,,,,,,,,,,,,,,,,,,,,,,,,,,,,,,,,,,,,,,,,,,,,,,,,,,,,,,,,,,,,,,,,,,,,,,,,,,,,,,,,,,,,,,,,,,,,,,,,,,,,,,,,,,,,,,,,,,,,,,,,,,,,,,,,,,,,,,,,,,,,,,,,,,,,,,,,,,,,,,,,,,,,,,,,,,,,,,,,,,,,,,,,,,,,,,,,,,,,,,,,,,,,,,,,,,,,,,,,,,,,,,,,,,,,,,,,,,,,,,,,,,,,,,,,,,,,,,,,,,,,,,,,,,,,,,,,,,,,,,,,,,,,,,,,,,,,,,,,,,,
85-86,First,52643,54004,,,,,,,,,,,,,,,,,,,,,,,,,,,,,,,,,,,,,,,,,,,,,,,,,,,,,,,,,,,,,,,,,,,,,,,,,,,,,,,,,,,,,,,,,,,,,,,,,,,,,,,,,,,,,,,,,,,,,,,,,,,,,,,,,,,,,,,,,,,,,,,,,,,,,,,,,,,,,,,,,,,,,,,,,,,,,,,,,,,,,,,,,,,,,,,,,,,,,,,,,,,,,,,,,,,,,,,,,,,,,,,,,,,,,,,,,,,,,,,,,,,,,,,,,,,,,,,,,,,,,,,,,,,,,,,,,,,,,,,,,,,,,,,,,,,,,,,,,,,,,,,,,,,,,,,
85-86,Second,37,40,,,,,,,,,,,,,,,,,,,,,,,,,,,,,,,,,,,,,,,,,,,,,,,,,,,,,,,,,,,,,,,,,,,,,,,,,,,,,,,,,,,,,,,,,,,,,,,,,,,,,,,,,,,,,,,,,,,,,,,,,,,,,,,,,,,,,,,,,,,,,,,,,,,,,,,,,,,,,,,,,,,,,,,,,,,,,,,,,,,,,,,,,,,,,,,,,,,,,,,,,,,,,,,,,,,,,,,,,,,,,,,,,,,,,,,,,,,,,,,,,,,,,,,,,,,,,,,,,,,,,,,,,,,,,,,,,,,,,,,,,,,,,,,,,,,,,,,,,,,,,,,,,,,,,,,
87-89,First,57704,59322,,,,,,,,,,,,,,,,,,,,,,,,,,,,,,,,,,,,,,,,,,,,,,,,,,,,,,,,,,,,,,,,,,,,,,,,,,,,,,,,,,,,,,,,,,,,,,,,,,,,,,,,,,,,,,,,,,,,,,,,,,,,,,,,,,,,,,,,,,,,,,,,,,,,,,,,,,,,,,,,,,,,,,,,,,,,,,,,,,,,,,,,,,,,,,,,,,,,,,,,,,,,,,,,,,,,,,,,,,,,,,,,,,,,,,,,,,,,,,,,,,,,,,,,,,,,,,,,,,,,,,,,,,,,,,,,,,,,,,,,,,,,,,,,,,,,,,,,,,,,,,,,,,,,,,,
87-89,Second,51,53,,,,,,,,,,,,,,,,,,,,,,,,,,,,,,,,,,,,,,,,,,,,,,,,,,,,,,,,,,,,,,,,,,,,,,,,,,,,,,,,,,,,,,,,,,,,,,,,,,,,,,,,,,,,,,,,,,,,,,,,,,,,,,,,,,,,,,,,,,,,,,,,,,,,,,,,,,,,,,,,,,,,,,,,,,,,,,,,,,,,,,,,,,,,,,,,,,,,,,,,,,,,,,,,,,,,,,,,,,,,,,,,,,,,,,,,,,,,,,,,,,,,,,,,,,,,,,,,,,,,,,,,,,,,,,,,,,,,,,,,,,,,,,,,,,,,,,,,,,,,,,,,,,,,,,,
90 y más,First,62096,64241,,,,,,,,,,,,,,,,,,,,,,,,,,,,,,,,,,,,,,,,,,,,,,,,,,,,,,,,,,,,,,,,,,,,,,,,,,,,,,,,,,,,,,,,,,,,,,,,,,,,,,,,,,,,,,,,,,,,,,,,,,,,,,,,,,,,,,,,,,,,,,,,,,,,,,,,,,,,,,,,,,,,,,,,,,,,,,,,,,,,,,,,,,,,,,,,,,,,,,,,,,,,,,,,,,,,,,,,,,,,,,,,,,,,,,,,,,,,,,,,,,,,,,,,,,,,,,,,,,,,,,,,,,,,,,,,,,,,,,,,,,,,,,,,,,,,,,,,,,,,,,,,,,,,,,,
90 y más,Second,113,117,,,,,,,,,,,,,,,,,,,,,,,,,,,,,,,,,,,,,,,,,,,,,,,,,,,,,,,,,,,,,,,,,,,,,,,,,,,,,,,,,,,,,,,,,,,,,,,,,,,,,,,,,,,,,,,,,,,,,,,,,,,,,,,,,,,,,,,,,,,,,,,,,,,,,,,,,,,,,,,,,,,,,,,,,,,,,,,,,,,,,,,,,,,,,,,,,,,,,,,,,,,,,,,,,,,,,,,,,,,,,,,,,,,,,,,,,,,,,,,,,,,,,,,,,,,,,,,,,,,,,,,,,,,,,,,,,,,,,,,,,,,,,,,,,,,,,,,,,,,,,,,,,,,,,,,
15-20,First,,,15455,15793,16014,16306,16393,16990,18013,18076,18510,19072,19610,20137,21261,21432,21467,21994,22152,23089,23832,24769,25011,25037,26340,28261,30579,33721,56899,58755,59004,66020,73752,75393,83488,94205,95120,95170,98363,101538,104891,108186,108510,108614,108658,110874,113473,114052,114052,118397,121059,121700,121785,123776,126141,128382,130760,130760,133522,133595,134616,134616,,,,,,,,,,,,,,,,,,,,,,,,,,,,,,,,,,,,,,,,,,,,,,,,,,,,,,,,,,,,,,,,,,,,,,,,,,,,,,,,,,,,,,,,,,,,,,,,,,,,,,,,,,,,,,,,,,,,,,,,,,,,,,,,,,,,,,,,,,,,,,,,,,,,,,,,,,,,,,,,,,,,,,,,,,,,,,,,,,,,,,,,,,,,,,,,,,,,,,,,,,,,,,,,,,,,,,,,,,,,,,,,,,,,,,,,,,,,,,,,,,,,,,,,,,,
15-20,Second,,,312,312,312,315,316,317,317,317,320,367,1019,1866,2780,2976,2994,3991,4667,6707,8123,9176,9635,9671,10635,11617,12487,13495,14463,15190,15276,15816,16149,16251,16734,16967,16985,16988,17299,17721,18284,19188,19239,19302,19310,20343,20988,21252,21252,22438,23228,23305,23320,24569,26688,28897,32299,32299,52523,52639,60410,60410,,,,,,,,,,,,,,,,,,,,,,,,,,,,,,,,,,,,,,,,,,,,,,,,,,,,,,,,,,,,,,,,,,,,,,,,,,,,,,,,,,,,,,,,,,,,,,,,,,,,,,,,,,,,,,,,,,,,,,,,,,,,,,,,,,,,,,,,,,,,,,,,,,,,,,,,,,,,,,,,,,,,,,,,,,,,,,,,,,,,,,,,,,,,,,,,,,,,,,,,,,,,,,,,,,,,,,,,,,,,,,,,,,,,,,,,,,,,,,,,,,,,,,,,,,,
21-30,First,,,246397,249843,253479,256967,258317,269738,272835,273182,278598,286047,310675,334780,347126,348900,349242,353401,354702,363050,369036,375291,376577,376777,384863,396187,414991,469175,497190,502424,503190,527442,557079,563382,598867,631772,635555,635753,649338,663949,679400,693875,695205,695660,695896,706086,716544,719278,719278,737229,747613,749712,749955,757803,767090,775505,784093,784093,794047,794280,798765,798765,,,,,,,,,,,,,,,,,,,,,,,,,,,,,,,,,,,,,,,,,,,,,,,,,,,,,,,,,,,,,,,,,,,,,,,,,,,,,,,,,,,,,,,,,,,,,,,,,,,,,,,,,,,,,,,,,,,,,,,,,,,,,,,,,,,,,,,,,,,,,,,,,,,,,,,,,,,,,,,,,,,,,,,,,,,,,,,,,,,,,,,,,,,,,,,,,,,,,,,,,,,,,,,,,,,,,,,,,,,,,,,,,,,,,,,,,,,,,,,,,,,,,,,,,,,
21-30,Second,,,17882,17902,17934,18002,18020,18067,18073,18090,18252,21519,50388,76417,98997,102068,102556,116136,121994,148123,164199,178688,181603,181988,194117,208212,220727,232414,242196,243809,244041,250771,256493,257902,263136,267067,267423,267454,271670,278705,300196,322243,323425,323600,323664,335816,343075,345171,345171,355200,361012,361713,361811,369931,380907,398759,444277,444277,474379,474837,499534,499534,,,,,,,,,,,,,,,,,,,,,,,,,,,,,,,,,,,,,,,,,,,,,,,,,,,,,,,,,,,,,,,,,,,,,,,,,,,,,,,,,,,,,,,,,,,,,,,,,,,,,,,,,,,,,,,,,,,,,,,,,,,,,,,,,,,,,,,,,,,,,,,,,,,,,,,,,,,,,,,,,,,,,,,,,,,,,,,,,,,,,,,,,,,,,,,,,,,,,,,,,,,,,,,,,,,,,,,,,,,,,,,,,,,,,,,,,,,,,,,,,,,,,,,,,,,
31-40,First,,,288049,292868,298373,304112,307912,331937,335160,335508,364440,406062,427168,437111,446431,447892,448175,452324,453706,463103,470043,477211,478794,479002,491709,546567,603675,630944,656234,662842,663735,696118,733014,742772,790480,812603,816117,816354,832789,849263,866344,881079,882390,882828,883084,895037,906982,910297,910297,929695,941028,943357,943659,952461,963375,972934,982402,982402,992829,993081,998139,998139,,,,,,,,,,,,,,,,,,,,,,,,,,,,,,,,,,,,,,,,,,,,,,,,,,,,,,,,,,,,,,,,,,,,,,,,,,,,,,,,,,,,,,,,,,,,,,,,,,,,,,,,,,,,,,,,,,,,,,,,,,,,,,,,,,,,,,,,,,,,,,,,,,,,,,,,,,,,,,,,,,,,,,,,,,,,,,,,,,,,,,,,,,,,,,,,,,,,,,,,,,,,,,,,,,,,,,,,,,,,,,,,,,,,,,,,,,,,,,,,,,,,,,,,,,,
31-40,Second,,,18233,18261,18294,18365,18392,18456,18461,18498,18675,22183,50670,74786,94898,97847,98410,113385,120169,153240,174909,193696,197751,198282,217009,238964,258526,278293,292711,294286,294497,308704,321203,323599,333691,340088,340672,340736,360025,391227,411263,423695,424491,424632,424694,434939,442341,444665,444665,455997,463022,463864,464005,477168,523910,574851,602227,602227,631251,631809,664687,664687,,,,,,,,,,,,,,,,,,,,,,,,,,,,,,,,,,,,,,,,,,,,,,,,,,,,,,,,,,,,,,,,,,,,,,,,,,,,,,,,,,,,,,,,,,,,,,,,,,,,,,,,,,,,,,,,,,,,,,,,,,,,,,,,,,,,,,,,,,,,,,,,,,,,,,,,,,,,,,,,,,,,,,,,,,,,,,,,,,,,,,,,,,,,,,,,,,,,,,,,,,,,,,,,,,,,,,,,,,,,,,,,,,,,,,,,,,,,,,,,,,,,,,,,,,,
41-50,First,,,214858,221316,235117,267140,276562,308936,311066,311319,317157,322998,328259,333303,338279,339300,339565,345157,347330,362292,391073,461264,469607,470577,541335,589460,621951,649509,678521,685550,686627,718243,756246,766792,806721,828519,831983,832206,848979,865092,881200,895773,896911,897377,897615,911162,926414,942607,942607,990579,1007515,1011064,1011498,1049320,1086564,1131596,1161396,1161396,1188212,1188575,1205302,1205302,,,,,,,,,,,,,,,,,,,,,,,,,,,,,,,,,,,,,,,,,,,,,,,,,,,,,,,,,,,,,,,,,,,,,,,,,,,,,,,,,,,,,,,,,,,,,,,,,,,,,,,,,,,,,,,,,,,,,,,,,,,,,,,,,,,,,,,,,,,,,,,,,,,,,,,,,,,,,,,,,,,,,,,,,,,,,,,,,,,,,,,,,,,,,,,,,,,,,,,,,,,,,,,,,,,,,,,,,,,,,,,,,,,,,,,,,,,,,,,,,,,,,,,,,,,
41-50,Second,,,9422,9439,9457,9489,9502,9539,9542,9569,9658,11560,27405,41248,53322,55317,55733,67158,73005,101143,120081,136669,140146,140675,158892,182932,214283,239099,251620,252947,253144,262438,272426,277611,298531,305734,306284,306334,311584,317028,322404,328097,328453,328527,328594,337041,345641,349502,349502,382824,443675,448449,449024,515292,561844,595821,623968,623968,656532,657101,690738,690738,,,,,,,,,,,,,,,,,,,,,,,,,,,,,,,,,,,,,,,,,,,,,,,,,,,,,,,,,,,,,,,,,,,,,,,,,,,,,,,,,,,,,,,,,,,,,,,,,,,,,,,,,,,,,,,,,,,,,,,,,,,,,,,,,,,,,,,,,,,,,,,,,,,,,,,,,,,,,,,,,,,,,,,,,,,,,,,,,,,,,,,,,,,,,,,,,,,,,,,,,,,,,,,,,,,,,,,,,,,,,,,,,,,,,,,,,,,,,,,,,,,,,,,,,,,
51-60,First,,,198617,224233,255178,266246,269130,286838,288504,288696,296496,304589,313104,324175,393219,398599,399318,486642,523748,683349,790231,844114,859097,861203,899282,935222,965553,991759,1017593,1023765,1024766,1057553,1086035,1113363,1221896,1292691,1298949,1299341,1388378,1464923,1534315,1614685,1618721,1619509,1619975,1653679,1702410,1710775,1710775,1754139,1779175,1784249,1784716,1798540,1812080,1822815,1832763,1832763,1848354,1848540,1860328,1860328,,,,,,,,,,,,,,,,,,,,,,,,,,,,,,,,,,,,,,,,,,,,,,,,,,,,,,,,,,,,,,,,,,,,,,,,,,,,,,,,,,,,,,,,,,,,,,,,,,,,,,,,,,,,,,,,,,,,,,,,,,,,,,,,,,,,,,,,,,,,,,,,,,,,,,,,,,,,,,,,,,,,,,,,,,,,,,,,,,,,,,,,,,,,,,,,,,,,,,,,,,,,,,,,,,,,,,,,,,,,,,,,,,,,,,,,,,,,,,,,,,,,,,,,,,,
51-60,Second,,,6561,6573,6586,6612,6618,6642,6642,6665,6718,8101,20716,32151,42332,44271,44689,54602,59660,82617,98742,113265,116716,117152,143129,178525,199767,215208,227932,229308,229507,249486,265745,268834,278643,284932,285476,285550,292862,301257,312101,342738,346626,347276,347546,459750,556908,598335,598335,751835,807695,817062,818127,863190,901845,933829,960989,960989,991306,991903,1026799,1026799,,,,,,,,,,,,,,,,,,,,,,,,,,,,,,,,,,,,,,,,,,,,,,,,,,,,,,,,,,,,,,,,,,,,,,,,,,,,,,,,,,,,,,,,,,,,,,,,,,,,,,,,,,,,,,,,,,,,,,,,,,,,,,,,,,,,,,,,,,,,,,,,,,,,,,,,,,,,,,,,,,,,,,,,,,,,,,,,,,,,,,,,,,,,,,,,,,,,,,,,,,,,,,,,,,,,,,,,,,,,,,,,,,,,,,,,,,,,,,,,,,,,,,,,,,,
61-70,First,,,768309,810522,838195,858765,865468,895962,898041,898242,972013,1060928,1152141,1241132,1275738,1280882,1281723,1300987,1306854,1331380,1343560,1355693,1359200,1359702,1370305,1380519,1389594,1397777,1406014,1407867,1408175,1415861,1422561,1424876,1434541,1439705,1440387,1440453,1446009,1450993,1455335,1459041,1459334,1459410,1459434,1463163,1466533,1467611,1467611,1472549,1475560,1476128,1476200,1478686,1481270,1483410,1485543,1485543,1488588,1488640,1491352,1491352,,,,,,,,,,,,,,,,,,,,,,,,,,,,,,,,,,,,,,,,,,,,,,,,,,,,,,,,,,,,,,,,,,,,,,,,,,,,,,,,,,,,,,,,,,,,,,,,,,,,,,,,,,,,,,,,,,,,,,,,,,,,,,,,,,,,,,,,,,,,,,,,,,,,,,,,,,,,,,,,,,,,,,,,,,,,,,,,,,,,,,,,,,,,,,,,,,,,,,,,,,,,,,,,,,,,,,,,,,,,,,,,,,,,,,,,,,,,,,,,,,,,,,,,,,,
61-70,Second,,,2176,2182,2194,2201,2203,2209,2209,2214,2246,2918,12175,24453,36852,40816,42758,59368,67996,112284,148079,191772,199893,201897,339653,456246,562265,654804,742810,749735,750661,795599,826142,835271,864534,881283,882949,883135,951209,1034949,1123002,1211105,1215533,1216158,1216449,1261272,1284237,1291865,1291865,1315888,1329428,1332019,1332287,1344492,1355522,1365499,1374218,1374218,1384097,1384321,1393139,1393139,,,,,,,,,,,,,,,,,,,,,,,,,,,,,,,,,,,,,,,,,,,,,,,,,,,,,,,,,,,,,,,,,,,,,,,,,,,,,,,,,,,,,,,,,,,,,,,,,,,,,,,,,,,,,,,,,,,,,,,,,,,,,,,,,,,,,,,,,,,,,,,,,,,,,,,,,,,,,,,,,,,,,,,,,,,,,,,,,,,,,,,,,,,,,,,,,,,,,,,,,,,,,,,,,,,,,,,,,,,,,,,,,,,,,,,,,,,,,,,,,,,,,,,,,,,
71-72,First,,,187202,191001,193844,196098,196843,200368,200549,200576,201726,202787,203803,204814,205797,205937,205957,206846,207101,208538,209366,210362,210571,210593,211324,212018,212677,213269,213888,214009,214029,214556,215047,215217,215897,216303,216344,216353,216732,217064,217383,217643,217670,217670,217671,217944,218175,218253,218253,218666,218863,218897,218905,219082,219265,219426,219610,219610,219857,219858,220043,220043,,,,,,,,,,,,,,,,,,,,,,,,,,,,,,,,,,,,,,,,,,,,,,,,,,,,,,,,,,,,,,,,,,,,,,,,,,,,,,,,,,,,,,,,,,,,,,,,,,,,,,,,,,,,,,,,,,,,,,,,,,,,,,,,,,,,,,,,,,,,,,,,,,,,,,,,,,,,,,,,,,,,,,,,,,,,,,,,,,,,,,,,,,,,,,,,,,,,,,,,,,,,,,,,,,,,,,,,,,,,,,,,,,,,,,,,,,,,,,,,,,,,,,,,,,,
71-72,Second,,,107,107,112,114,114,114,114,114,116,177,3249,8332,14906,16703,17497,26928,31389,53113,73193,142725,147113,147537,161604,169536,175058,179497,183338,183843,183909,187900,190918,191886,195236,197210,197373,197386,198673,199861,201024,202186,202285,202309,202317,203653,204591,205010,205010,206481,207388,207519,207544,208388,209116,209854,210511,210511,211269,211281,211893,211893,,,,,,,,,,,,,,,,,,,,,,,,,,,,,,,,,,,,,,,,,,,,,,,,,,,,,,,,,,,,,,,,,,,,,,,,,,,,,,,,,,,,,,,,,,,,,,,,,,,,,,,,,,,,,,,,,,,,,,,,,,,,,,,,,,,,,,,,,,,,,,,,,,,,,,,,,,,,,,,,,,,,,,,,,,,,,,,,,,,,,,,,,,,,,,,,,,,,,,,,,,,,,,,,,,,,,,,,,,,,,,,,,,,,,,,,,,,,,,,,,,,,,,,,,,,
78-79,First,,,120810,122883,124646,126091,126501,128628,128748,128763,129452,130068,130614,131201,131747,131831,131844,132377,132587,133580,134137,134661,134767,134786,135196,135599,136014,136348,136683,136737,136751,137050,137315,137415,137849,138067,138090,138092,138296,138477,138676,138826,138842,138843,138845,138985,139119,139157,139157,139376,139506,139529,139532,139659,139780,139917,139997,139997,140118,140117,140213,140213,,,,,,,,,,,,,,,,,,,,,,,,,,,,,,,,,,,,,,,,,,,,,,,,,,,,,,,,,,,,,,,,,,,,,,,,,,,,,,,,,,,,,,,,,,,,,,,,,,,,,,,,,,,,,,,,,,,,,,,,,,,,,,,,,,,,,,,,,,,,,,,,,,,,,,,,,,,,,,,,,,,,,,,,,,,,,,,,,,,,,,,,,,,,,,,,,,,,,,,,,,,,,,,,,,,,,,,,,,,,,,,,,,,,,,,,,,,,,,,,,,,,,,,,,,,
78-79,Second,,,52,52,54,57,57,57,57,57,58,101,2495,7253,13480,15046,15622,26380,47125,90450,98033,103434,104306,104452,108249,111524,114167,116476,118388,118633,118683,120790,122634,123211,125336,126531,126640,126644,127439,128083,128725,129400,129461,129469,129474,130280,130848,131089,131089,131996,132554,132635,132646,133155,133589,134019,134418,134418,134833,134844,135170,135170,,,,,,,,,,,,,,,,,,,,,,,,,,,,,,,,,,,,,,,,,,,,,,,,,,,,,,,,,,,,,,,,,,,,,,,,,,,,,,,,,,,,,,,,,,,,,,,,,,,,,,,,,,,,,,,,,,,,,,,,,,,,,,,,,,,,,,,,,,,,,,,,,,,,,,,,,,,,,,,,,,,,,,,,,,,,,,,,,,,,,,,,,,,,,,,,,,,,,,,,,,,,,,,,,,,,,,,,,,,,,,,,,,,,,,,,,,,,,,,,,,,,,,,,,,,
80 y más,First,,,406366,413279,419606,425139,426577,434338,434987,435063,437568,439987,442288,444589,446692,447077,447137,448843,449383,452541,454465,456214,456608,456672,457971,459362,460763,461969,463181,463458,463513,464470,465511,465833,467517,468344,468460,468488,469205,469924,470616,471213,471279,471293,471305,471834,472434,472584,472584,473456,473969,474071,474079,474437,474774,475140,475524,475524,475921,475931,476222,476222,,,,,,,,,,,,,,,,,,,,,,,,,,,,,,,,,,,,,,,,,,,,,,,,,,,,,,,,,,,,,,,,,,,,,,,,,,,,,,,,,,,,,,,,,,,,,,,,,,,,,,,,,,,,,,,,,,,,,,,,,,,,,,,,,,,,,,,,,,,,,,,,,,,,,,,,,,,,,,,,,,,,,,,,,,,,,,,,,,,,,,,,,,,,,,,,,,,,,,,,,,,,,,,,,,,,,,,,,,,,,,,,,,,,,,,,,,,,,,,,,,,,,,,,,,,
80 y más,Second,,,334,335,353,369,370,370,370,370,371,554,36074,89185,142716,150862,153017,239132,259417,313715,332121,346703,349915,350541,361154,371632,380321,388367,395379,396594,396795,403868,410428,412257,420538,424795,425300,425349,428097,430672,433102,435644,435920,435950,435970,438728,440941,441669,441669,444917,446897,447273,447330,448844,450315,451692,453066,453066,454556,454587,455673,455673,,,,,,,,,,,,,,,,,,,,,,,,,,,,,,,,,,,,,,,,,,,,,,,,,,,,,,,,,,,,,,,,,,,,,,,,,,,,,,,,,,,,,,,,,,,,,,,,,,,,,,,,,,,,,,,,,,,,,,,,,,,,,,,,,,,,,,,,,,,,,,,,,,,,,,,,,,,,,,,,,,,,,,,,,,,,,,,,,,,,,,,,,,,,,,,,,,,,,,,,,,,,,,,,,,,,,,,,,,,,,,,,,,,,,,,,,,,,,,,,,,,,,,,,,,,
80 y más años,First,,,,,,,,,,,,,,,,,,,,,,,,,,,,,,,,,,,,,,,,,,,,,,,,,,,,,,,,,,,,,,568070,568070,568070,568070,568070,568070,568070,568070,568070,568070,568070,568070,568070,568070,568070,568070,568070,568070,568070,568070,568070,568070,568070,568070,568070,568070,568070,568070,568070,568070,568070,568070,568070,568070,568070,568070,568070,568070,568070,568070,568070,568070,568070,568070,568070,568070,486397,486401,486748,487202,487609,488001,488373,488373,488455,488758,489053,489053,489053,489053,489827,489827,489891,490124,490309,490499,490658,490687,490696,490698,490967,491229,491229,491663,491712,491716,491914,492115,492290,492290,492603,492694,492702,492885,493072,493224,493540,493552,493583,493585,493758,493923,493923,493923,494331,494407,494410,494469,494508,494558,494605,494624,494625,494628,494753,495684,495765,495791,495817,495821,495822,496296,496296,496866,496987,497079,497082,497085,497350,497662,497730,497756,497756,497798,497797,498002,498240,498240,498393,498417,498420,498421,498536,498702,498739,498762,498775,498782,498786,498927,499053,499068,499087,499102,499102,499102,499151,499216,499216,499352,499369,499369,499369,499396,499396,499525,499592,499647,499667,499667,499712,499712,499856,499918,499918,500009,500009,500044,500121,500192,500277,500334,500352,500353,500353,500385,500444,500493,500543,500569,500574,500605,500660,500718,500777,500777,500777,500862,500898,500898,501069,501168,501265,501290,501290,501290,501355,501445,501533,501617,501655,501723,501804,501881,501967,502049,502083,502087,502130,502218,502309,502387,502387,502482,502485,502546,502605,502659,502718,502718,502788,502789,502824,502886,502936,502980,503035,503062,503062,503090,503146,503172,503198,503242,503265,503267,503299,503358,503421,503462,503493,503508,503509,503537,503568,503603,503603,503603,503603,503603,503670,503698
80 y más años,Second,,,,,,,,,,,,,,,,,,,,,,,,,,,,,,,,,,,,,,,,,,,,,,,,,,,,,,,,,,,,,,476931,477296,477186,477496,477546,477551,477737,477915,478107,478305,478614,478627,478632,479029,479256,479508,479752,479752,480030,480030,480272,480542,480740,481055,481202,481213,481217,481405,481589,481772,481961,481961,482026,482027,482388,482877,483203,483720,484257,484361,484381,484913,485344,485744,486044,486326,472349,472351,472611,472933,473163,473427,473659,473659,473692,473906,474115,474115,474115,474115,474659,474659,474718,475265,475690,476189,476605,476687,476704,476712,477443,477950,477950,478643,478691,478693,479062,479488,479889,479889,480655,480724,480734,481047,481366,481656,481978,481989,482013,482016,482240,482499,482499,482499,483056,483084,483091,483209,483420,483621,483927,484040,484053,484065,484087,484314,484511,484608,484693,484699,484699,484848,484848,485386,485711,485946,485968,485970,486101,486257,486472,486600,486600,486745,486745,486903,487050,487050,487277,487357,487363,487364,487771,488254,488377,488454,488499,488505,488507,488905,489299,489363,489419,489461,489461,489461,489638,489928,489928,490232,490252,490252,490252,490356,490356,490687,490808,490889,490914,490914,490988,490988,491218,491277,491277,491349,491349,491426,491548,491608,491663,491711,491735,491738,491738,491819,491897,491955,492009,492026,492027,492062,492122,492192,492268,492268,492268,492355,492408,492408,492558,492651,492714,492734,492736,492738,492801,492883,492974,493052,493070,493089,493142,493220,493292,493353,493373,493373,493407,493481,493568,493631,493631,493721,493723,493758,493832,493911,493994,493994,494126,494126,494169,494240,494313,494396,494470,494492,494493,494560,494641,494669,494732,494812,494841,494845,494898,495004,495103,495156,495229,495242,495245,495303,495366,495425,495425,495425,495425,495425,495556,495638
70-79,First,,,,,,,,,,,,,,,,,,,,,,,,,,,,,,,,,,,,,,,,,,,,,,,,,,,,,,,,,,,,,,1046294,1046294,1046294,1046294,1046294,1046294,1046294,1046294,1046294,1046294,1046294,1046294,1046294,1046294,1046294,1046294,1046294,1046294,1046294,1046294,1046294,1046294,1046294,1046294,1046294,1046294,1046294,1046294,1046294,1046294,1046294,1046294,1046294,1046294,1046294,1046294,1046294,1046294,1046294,1046294,1046294,1046294,1046294,1046294,1046294,1046294,955447,955472,956548,957607,958714,959602,960462,960462,960680,961507,962229,962229,962229,962229,964047,964047,964207,964713,965119,965564,965969,966065,966073,966083,966728,967298,967298,968262,968388,968405,968893,969303,969664,969664,970276,970428,970447,970864,971231,971517,972220,972256,972342,972344,972711,973035,973035,973035,973887,974120,974129,974265,974339,974440,974533,974573,974579,974583,974948,977087,977213,977269,977311,977317,977317,978399,978399,979415,979419,979425,979433,979435,980114,980773,980896,980927,980927,980965,980967,981446,981945,981945,982275,982299,982301,982305,982633,982974,983013,983032,983069,983078,983078,983358,983641,983663,983690,983721,983721,983721,983833,983997,983997,984212,984235,984236,984236,984334,984334,984563,984680,984779,984822,984823,984915,984915,985221,985367,985367,985547,985552,985632,985773,985890,986017,986111,986144,986145,986147,986208,986333,986429,986525,986565,986565,986646,986753,986853,986955,986955,986955,987098,987217,987217,987549,987724,987882,987941,987944,987946,988094,988283,988423,988591,988650,988797,988995,989158,989295,989458,989509,989510,989630,989797,989945,990096,990096,990255,990257,990335,990455,990535,990651,990651,990776,990779,990852,990983,991085,991200,991310,991348,991353,991436,991549,991589,991641,991716,991736,991741,991800,991892,991974,992046,992108,992138,992143,992182,992237,992292,992292,992292,992292,992292,992412,992477
70-79,Second,,,,,,,,,,,,,,,,,,,,,,,,,,,,,,,,,,,,,,,,,,,,,,,,,,,,,,,,,,,,,,932462,933205,931526,932098,932196,932212,932678,933077,933413,933728,934516,934538,934543,935486,936013,936556,937118,937118,937786,937791,938421,939086,939744,940448,940815,940849,940852,941316,941781,942221,942765,942765,942927,942944,944105,945627,946787,948238,949711,950069,950122,951530,952667,953734,954544,955239,928549,928558,929291,930079,930824,931413,932008,932008,932091,932614,933102,933102,933102,933102,934436,934436,934608,936417,937744,939187,940485,940736,940771,940803,942708,944121,944121,945848,946003,946023,947104,948162,949409,949409,951210,951397,951413,952252,953040,953770,954558,954594,954659,954667,955138,955715,955715,955715,957083,957160,957170,957474,957984,958377,959099,959322,959369,959398,959480,959948,960406,960655,960873,960881,960881,961189,961189,962199,962744,963027,963046,963051,963438,963861,964449,964776,964776,965081,965082,965527,965885,965885,966405,966588,966604,966608,967685,968851,969085,969217,969298,969312,969313,970232,971148,971276,971364,971440,971440,971440,971889,972479,972479,972935,972951,972951,972951,973201,973201,973946,974108,974267,974312,974314,974528,974528,975047,975152,975152,975283,975283,975442,975659,975791,975878,975968,975989,975991,975991,976147,976314,976412,976475,976498,976498,976598,976723,976867,976996,976996,976996,977151,977244,977244,977563,977751,977929,977964,977967,977970,978116,978288,978429,978578,978609,978666,978770,978892,979011,979144,979182,979183,979296,979457,979599,979724,979724,979879,979883,980005,980158,980354,980505,980505,980701,980704,980779,980968,981114,981249,981409,981458,981464,981611,981824,981880,982049,982202,982246,982249,982397,982572,982734,982886,983001,983044,983045,983132,983266,983362,983362,983362,983362,983362,983639,983797
