Type,Dose,2020-12-24,2020-12-25,2020-12-26,2020-12-27,2020-12-28,2020-12-29,2020-12-30,2020-12-31,2021-01-01,2021-01-02,2021-01-03,2021-01-04,2021-01-05,2021-01-06,2021-01-07,2021-01-08,2021-01-09,2021-01-10,2021-01-11,2021-01-12,2021-01-13,2021-01-14,2021-01-15,2021-01-16,2021-01-17,2021-01-18,2021-01-19,2021-01-20,2021-01-21,2021-01-22,2021-01-23,2021-01-24,2021-01-25,2021-01-26,2021-01-27,2021-01-28,2021-01-29,2021-01-30,2021-01-31,2021-02-01,2021-02-02,2021-02-03,2021-02-04,2021-02-05,2021-02-06,2021-02-07,2021-02-08,2021-02-09,2021-02-10,2021-02-11,2021-02-12,2021-02-13,2021-02-14,2021-02-15,2021-02-16,2021-02-17,2021-02-18,2021-02-19,2021-02-20,2021-02-21,2021-02-22,2021-02-23,2021-02-24,2021-02-25,2021-02-26,2021-02-27,2021-02-28,2021-03-01,2021-03-02,2021-03-03,2021-03-04,2021-03-05,2021-03-06,2021-03-07,2021-03-08,2021-03-09,2021-03-10,2021-03-11,2021-03-12,2021-03-13,2021-03-14,2021-03-15,2021-03-16,2021-03-17,2021-03-18,2021-03-19,2021-03-20,2021-03-21,2021-03-22,2021-03-23,2021-03-24,2021-03-25,2021-03-26,2021-03-27,2021-03-28,2021-03-29,2021-03-30,2021-03-31,2021-04-01,2021-04-02,2021-04-03,2021-04-04,2021-04-05,2021-04-06,2021-04-07,2021-04-08,2021-04-09,2021-04-10,2021-04-11,2021-04-12,2021-04-13,2021-04-14,2021-04-15,2021-04-16,2021-04-17,2021-04-18,2021-04-19,2021-04-20,2021-04-21,2021-04-22,2021-04-23,2021-04-24,2021-04-25,2021-04-26,2021-04-27,2021-04-28,2021-04-29,2021-04-30,2021-05-01,2021-05-02,2021-05-03,2021-05-04,2021-05-05,2021-05-06,2021-05-07,2021-05-08,2021-05-09,2021-05-10,2021-05-11,2021-05-12,2021-05-13,2021-05-14,2021-05-15,2021-05-16,2021-05-17,2021-05-18,2021-05-19,2021-05-20,2021-05-21,2021-05-22,2021-05-23,2021-05-24,2021-05-25,2021-05-26,2021-05-27,2021-05-28,2021-05-29,2021-05-30,2021-05-31,2021-06-01,2021-06-02,2021-06-03,2021-06-04,2021-06-05,2021-06-06,2021-06-07,2021-06-08,2021-06-09,2021-06-10,2021-06-11,2021-06-12,2021-06-13,2021-06-14,2021-06-15,2021-06-16,2021-06-17,2021-06-18,2021-06-19,2021-06-20,2021-06-21,2021-06-22,2021-06-23,2021-06-24,2021-06-25,2021-06-26,2021-06-27,2021-06-28,2021-06-29,2021-06-30,2021-07-01,2021-07-02,2021-07-03,2021-07-04,2021-07-05,2021-07-06,2021-07-07,2021-07-08,2021-07-09,2021-07-10,2021-07-11,2021-07-12,2021-07-13,2021-07-14,2021-07-15,2021-07-16,2021-07-17,2021-07-18,2021-07-19,2021-07-20,2021-07-21,2021-07-22,2021-07-23,2021-07-24,2021-07-25,2021-07-26,2021-07-27,2021-07-28,2021-07-29,2021-07-30,2021-07-31,2021-08-01,2021-08-02,2021-08-03,2021-08-04,2021-08-05,2021-08-06,2021-08-07,2021-08-08,2021-08-09,2021-08-10,2021-08-11,2021-08-12,2021-08-13,2021-08-14,2021-08-15,2021-08-16,2021-08-17,2021-08-18,2021-08-19,2021-08-20,2021-08-21,2021-08-22,2021-08-23,2021-08-24,2021-08-25,2021-08-26,2021-08-27,2021-08-28,2021-08-29,2021-08-30,2021-08-31,2021-09-01,2021-09-02,2021-09-03,2021-09-04,2021-09-05,2021-09-06,2021-09-07,2021-09-08,2021-09-09,2021-09-10,2021-09-11,2021-09-12,2021-09-13,2021-09-14,2021-09-15,2021-09-16,2021-09-17,2021-09-18,2021-09-19,2021-09-20,2021-09-21,2021-09-22,2021-09-23,2021-09-24,2021-09-25,2021-09-26,2021-09-27,2021-09-28,2021-09-29,2021-09-30,2021-10-01,2021-10-02,2021-10-03,2021-10-04,2021-10-05,2021-10-06,2021-10-07,2021-10-08,2021-10-09,2021-10-10,2021-10-11,2021-10-12,2021-10-13,2021-10-14,2021-10-15,2021-10-16,2021-10-17,2021-10-18,2021-10-19,2021-10-20,2021-10-21,2021-10-22,2021-10-23,2021-10-24,2021-10-25,2021-10-26,2021-10-27,2021-10-28,2021-10-29,2021-10-30,2021-10-31,2021-11-01,2021-11-02,2021-11-03,2021-11-04,2021-11-05,2021-11-06,2021-11-07,2021-11-08,2021-11-09,2021-11-10,2021-11-11,2021-11-12,2021-11-13,2021-11-14,2021-11-15,2021-11-16,2021-11-17,2021-11-18,2021-11-19,2021-11-20,2021-11-21,2021-11-22,2021-11-23,2021-11-24,2021-11-25,2021-11-26,2021-11-27,2021-11-28,2021-11-29,2021-11-30,2021-12-01,2021-12-02,2021-12-03,2021-12-04,2021-12-05,2021-12-06,2021-12-07,2021-12-08,2021-12-09,2021-12-10,2021-12-11,2021-12-12,2021-12-13,2021-12-14,2021-12-15,2021-12-16,2021-12-17,2021-12-18,2021-12-19,2021-12-20,2021-12-21,2021-12-22,2021-12-23,2021-12-24,2021-12-25,2021-12-26,2021-12-27,2021-12-28
Total,First,420,5202,8345,8654,8654,8654,8654,8654,8654,8654,8654,9059,10502,10707,10707,10708,10708,10709,10709,10709,10710,12830,13787,13810,13810,24861,44228,53537,56594,57005,57005,57005,57022,57041,57042,57042,57042,57043,57043,57043,70230,240617,414669,583512,611366,620005,841522,1084045,1356498,1607910,1837197,1866727,1871195,2137080,2357167,2545227,2700515,2842661,2852302,2853464,2961584,3055801,3141912,3227858,3306142,3316186,3316541,3453714,3612681,3770548,3915305,4051541,4061187,4062254,4198883,4337932,4473763,4645209,4796466,4820755,4823505,4981407,5148079,5299398,5448288,5588194,5611385,5614238,5761037,5911361,6065676,6223182,6389807,6402754,6403723,6555029,6689041,6816188,6951000,6952859,6954740,6955398,7035374,7128550,7223447,7300206,7371105,7382302,7383400,7461558,7536587,7615957,7678267,7736674,7744580,7745456,7789392,7828639,7859793,7916178,7956039,7961789,7962141,8005239,8044269,8087780,8118663,8169625,8170716,8171515,8247558,8328652,8410178,8491784,8575894,8593280,8594242,8697559,8804991,8909863,9006887,9110143,9111195,9111463,9236080,9372203,9497963,9626488,9634791,9661647,9665344,9841236,10031144,10211836,10378804,10524277,10565875,10574995,10730993,10870468,10979596,11035217,11077617,11092371,11094352,11148259,11208514,11285145,11381494,11462131,11484851,11486277,11591348,11676479,11782077,11853035,11914511,11931099,11932896,11940226,12039877,12115415,12163888,12202093,12213195,12214233,12215479,12255433,12303564,12390479,12455921,12471478,12473485,12521268,12564982,12638812,12696884,12747482,12767498,12769901,12819116,12899348,12954084,13025655,13027784,13037752,13038683,13086369,13126602,13159968,13195830,13254026,13277071,13279133,13294634,13303922,13311263,13319928,13328451,13329516,13329550,13429097,13541926,13546720,13549989,13552980,13553222,13553278,13630182,13698219,13701047,13703379,13705477,13705758,13705982,13744548,13778842,13780776,13782347,13783656,13783834,13783910,13808976,13831180,13845567,13847144,13848558,13848782,13848859,13866803,13884459,13885886,13887143,13888098,13888281,13888299,13903078,13918295,13919466,13920565,13921480,13921656,13921674,13987032,14038897,14093947,14120992,14121069,14121074,14121074,14186907,14248482,14322298,14373720,14445432,14446214,14446415,14545339,14666427,14790029,14905339,15010429,15016374,15016789,15100685,15177781,15247423,15311249,15365970,15367985,15368091,15368612,15426486,15484444,15534120,15574141,15575972,15576076,15615738,15661077,15700753,15736982,15766735,15768137,15768265,15802972,15835464,15867295,15896888,15921734,15924129,15924392,15924589,15950769,15977471,16003030,16026832,16029648,16029853,16053630,16075973,16095868,16113740,16131796,16134723,16134931,16154850,16173134,16188979,16203014,16215757,16217380,16217517,16231012,16243425,16254488,16264771,16274523,16276399,16276648,16288930,16300943,16311644,16321369,16330293,16331765,16331975,16347099,16362734,16363051,16402790,16439573,16443538,16443890,16477199,16507826,16534999,16560010,16581457,16584275,16584503,16604759,16622731,16637051,16646916,16648703,16648704,16648809,16667116,16678701
Total,Second,0,0,0,0,0,0,0,0,0,0,0,0,0,0,0,0,0,0,0,0,1032,5829,8304,8371,8371,8371,8372,8372,8372,8376,8376,8376,9779,10374,10408,10408,10413,10413,10414,10414,10420,10420,12528,13198,13203,13205,24988,44378,52726,55615,55825,55858,55858,55858,55870,55870,55871,55872,55872,55872,55894,55934,56108,56253,56371,56375,56375,56785,69205,223342,389230,550996,575142,582043,796190,1033799,1299440,1545181,1768425,1794618,1798457,2071002,2314713,2530816,2717034,2871861,2882880,2884052,3006095,3096768,3161614,3216879,3268034,3270785,3271209,3386780,3531543,3684860,3853496,3858686,3860034,3860502,4065478,4212242,4350725,4513610,4661753,4676597,4677953,4836966,4997379,5147654,5292654,5428600,5442995,5444762,5596024,5746252,5892789,6037225,6181103,6193050,6193743,6347475,6480078,6605808,6730443,6767409,6768619,6769285,6845227,6933913,7027654,7104415,7168353,7176567,7177013,7247520,7332943,7411511,7472238,7528525,7528932,7529105,7576251,7624020,7665337,7728750,7730121,7736408,7736998,7798195,7855169,7903597,7939929,7980879,7986676,7987651,8047376,8119059,8190912,8259542,8328043,8341116,8342348,8442488,8547025,8647432,8741124,8835530,8844940,8845537,8958084,9080169,9197630,9307729,9351203,9371094,9373244,9385603,9591227,9755045,9896343,10019403,10051186,10054569,10057717,10235419,10369522,10451485,10516433,10535448,10537555,10634654,10713810,10797444,10892250,10977300,10999177,11001725,11128336,11229429,11334947,11425556,11428163,11441633,11442835,11515969,11608506,11678627,11719612,11776336,11786499,11787360,11827753,11868800,11896403,11977638,12045810,12055953,12056388,12080105,12105506,12165254,12208138,12239702,12240614,12240638,12261875,12281352,12399224,12478586,12527698,12528706,12528906,12550911,12574679,12651751,12711001,12765595,12767412,12767608,12792418,12810370,12824138,12903835,12956470,12957607,12957774,13034960,13125252,13158485,13182026,13198815,13199296,13199330,13258539,13319677,13334878,13345885,13354847,13355262,13355294,13393998,13432701,13447993,13455907,13455957,13455962,13455964,13478385,13501966,13519341,13530079,13539305,13539575,13539598,13556951,13576531,13587619,13596122,13603295,13603606,13603663,13618715,13634208,13641356,13647276,13652800,13653047,13653068,13653346,13718695,13772056,13804411,13822473,13822896,13822934,13869883,13924196,13985603,14033959,14089365,14090603,14090668,14169336,14263715,14365180,14466116,14557203,14561465,14561721,14562238,14655906,14744055,14824955,14895417,14899649,14899861,14942543,15001445,15058622,15113347,15161069,15164840,15165081,15211440,15257901,15300297,15337999,15369846,15371989,15372121,15403368,15437473,15469771,15500837,15529373,15532343,15532625,15552568,15580013,15604066,15627204,15648903,15651285,15651524,15675429,15698935,15699209,15722994,15743226,15745910,15746241,15769097,15789999,15809113,15825790,15840281,15842079,15842225,15857231,15871579,15884200,15894360,15896864,15896864,15896982,15912804,15922530
Pfizer,First,420,5202,8345,8654,8654,8654,8654,8654,8654,8654,8654,9059,10502,10707,10707,10708,10708,10709,10709,10709,10710,12830,13787,13810,13810,24861,44228,53537,56594,57005,57005,57005,57022,57041,57042,57042,57042,57043,57043,57043,57043,57043,57063,57082,57083,57083,57102,57195,57295,57480,57630,57630,57630,57632,57633,57633,57635,57635,57637,57637,69714,94521,122870,156446,186063,192385,192387,207271,238117,256566,265573,271139,271484,271592,284154,321712,363307,409006,426388,426941,426941,441820,472792,502160,521493,530431,530909,530918,545887,588699,636681,688958,725491,727494,727494,746665,783761,812938,828195,828370,828559,828562,844567,891361,941794,980339,1014380,1021337,1021822,1069701,1126923,1188591,1236285,1275775,1281171,1281822,1290324,1296485,1300991,1307200,1310634,1311757,1311759,1329702,1354647,1380383,1395221,1419933,1420572,1420905,1429691,1437960,1443763,1449433,1456724,1458949,1458967,1462633,1467048,1470026,1475268,1484116,1484243,1484246,1520223,1582545,1650861,1712576,1719298,1730627,1731700,1788998,1870916,1920080,1958367,1984786,1994293,1995518,2049616,2138348,2210159,2250750,2269634,2273409,2273904,2278434,2283852,2289979,2297459,2305970,2307725,2308202,2312437,2318024,2330630,2343608,2360459,2363626,2364075,2368059,2443054,2497195,2533346,2566362,2576118,2577083,2578174,2613092,2657598,2741601,2804870,2819832,2821806,2867215,2908722,2981006,3037611,3086508,3105758,3108105,3155534,3234151,3287345,3334308,3335854,3341431,3341808,3375047,3402517,3424866,3452307,3502802,3512636,3513448,3526276,3533935,3539908,3547272,3554924,3555831,3555863,3556484,3557100,3558410,3559491,3560611,3560666,3560666,3560988,3561277,3562009,3562623,3563168,3563226,3563229,3563546,3563951,3564493,3564999,3565499,3565542,3565553,3565869,3566188,3566497,3567044,3567507,3567576,3567589,3567909,3568239,3568735,3569128,3569450,3569468,3569474,3569692,3569960,3570305,3570612,3570918,3570943,3570946,3571441,3571880,3572315,3572639,3572641,3572641,3572641,3573013,3573323,3573666,3574050,3574412,3574444,3574451,3574764,3575178,3575568,3575950,3576303,3576499,3576651,3580323,3583918,3587484,3591074,3594657,3594853,3594892,3594925,3597860,3600468,3602916,3605382,3605533,3605562,3608508,3611323,3613897,3616451,3618980,3619144,3619161,3622042,3624697,3627398,3630235,3633006,3633290,3633325,3633370,3636685,3639796,3642510,3645320,3645608,3645651,3648946,3652215,3655203,3658111,3661134,3661650,3661701,3665784,3669529,3672870,3675775,3678707,3679164,3679220,3682809,3686160,3689286,3692433,3695370,3696002,3696100,3699725,3703440,3706737,3709950,3712795,3713331,3713429,3716695,3719690,3719764,3722577,3725006,3725510,3725611,3728773,3731750,3734492,3737033,3739151,3739497,3739546,3742023,3744302,3746285,3747867,3748243,3748243,3748265,3750891,3752421
Pfizer,Second,0,0,0,0,0,0,0,0,0,0,0,0,0,0,0,0,0,0,0,0,1032,5829,8304,8371,8371,8371,8372,8372,8372,8376,8376,8376,9779,10374,10408,10408,10413,10413,10414,10414,10420,10420,12528,13198,13203,13205,24988,44378,52726,55615,55825,55858,55858,55858,55870,55870,55871,55872,55872,55872,55894,55934,56108,56253,56371,56375,56375,56393,56472,56595,56699,56891,56891,56891,56929,56960,56982,57027,57062,57062,57062,66119,88703,114889,145202,159448,160891,160892,182026,199164,204099,206434,208349,208382,208382,211277,231696,248709,257243,257295,257299,257300,272461,308486,347361,387115,402349,403226,403247,420193,451237,479148,499521,510811,511347,511376,526943,565287,606869,647812,673385,674662,674662,702116,741071,770238,787980,794336,794873,794932,810069,847982,890792,926044,952788,956304,956352,992232,1054031,1110570,1153289,1189397,1189564,1189646,1207086,1223476,1234748,1244064,1244396,1245695,1245752,1262745,1292354,1317416,1335890,1357555,1360313,1360649,1374728,1389397,1397706,1404701,1410357,1411698,1411795,1419013,1427256,1433431,1439932,1448326,1449387,1449455,1477297,1524969,1584067,1637869,1658631,1666983,1667765,1673507,1761738,1823095,1873157,1912973,1924247,1925532,1927144,2026008,2113762,2165013,2199661,2208027,2209052,2257472,2285530,2307056,2326836,2346773,2352602,2353517,2393022,2417829,2439498,2459559,2460470,2464131,2464626,2490408,2542761,2580517,2598275,2636833,2642062,2642490,2668442,2698041,2717938,2792929,2856016,2864527,2864897,2870235,2875783,2932756,2973560,3003313,3004156,3004169,3011408,3018983,3132881,3207061,3253365,3254252,3254334,3258503,3262765,3336025,3392494,3444137,3445526,3445656,3449499,3452490,3456854,3534962,3586054,3587045,3587132,3589365,3591136,3620005,3640810,3655370,3655602,3655618,3656543,3657525,3669810,3678095,3685079,3685223,3685236,3689160,3693211,3697983,3700802,3700831,3700831,3700831,3703863,3706919,3709967,3713044,3716269,3716368,3716369,3718991,3721992,3725103,3727881,3730388,3730497,3730516,3732904,3734980,3736865,3738584,3740165,3740235,3740236,3740249,3742259,3744119,3745735,3747198,3747273,3747283,3748712,3750185,3751577,3752960,3754188,3754251,3754257,3755731,3757215,3758627,3760255,3761666,3761828,3761858,3761907,3766040,3769902,3773601,3777630,3777966,3778000,3780720,3784294,3787520,3790708,3793785,3794161,3794216,3797854,3801197,3804169,3807222,3810226,3810504,3810544,3813675,3816586,3819456,3822200,3824994,3825364,3825407,3827456,3830483,3833339,3836101,3838849,3839178,3839233,3842397,3845567,3845644,3849312,3852362,3852776,3852860,3856659,3860112,3863281,3866182,3868853,3869212,3869257,3872192,3875196,3877920,3880310,3881011,3881011,3881061,3884726,3886848
Sinovac,First,0,0,0,0,0,0,0,0,0,0,0,0,0,0,0,0,0,0,0,0,0,0,0,0,0,0,0,0,0,0,0,0,0,0,0,0,0,0,0,0,13187,183574,357606,526430,554283,562922,784420,1026850,1299203,1550430,1779567,1809097,1813565,2079448,2299534,2487594,2642880,2785026,2794665,2795827,2891870,2961280,3019042,3071412,3120079,3123801,3124154,3246443,3374564,3513982,3649732,3780402,3789703,3790662,3914729,4016220,4110456,4236203,4370078,4393814,4396564,4539587,4675287,4797238,4926795,5057763,5080476,5083320,5215150,5322662,5428995,5534224,5664316,5675260,5676229,5808364,5905280,6003250,6122805,6124489,6126181,6126836,6190807,6237189,6281653,6319867,6356725,6360965,6361578,6391857,6409664,6427366,6441982,6460899,6463409,6463634,6499068,6532154,6558802,6608978,6645405,6650032,6650382,6675537,6689622,6703790,6713290,6725813,6725979,6726263,6773421,6829473,6895368,6964088,7036760,7051251,7052125,7148820,7249855,7350081,7441311,7535476,7536361,7536626,7624971,7697342,7748267,7808358,7809868,7824902,7827506,7933695,8024130,8130487,8226081,8314817,8338766,8345323,8407394,8417477,8425864,8439214,8461714,8472494,8473955,8522017,8575702,8644774,8732843,8804182,8824932,8825871,8925931,9004992,9097542,9155122,9199424,9212779,9214122,9217436,9241619,9262519,9274222,9278833,9279892,9279955,9280059,9284157,9286931,9289207,9290835,9291232,9291247,9292699,9294118,9295166,9296220,9297355,9297535,9297554,9298648,9299736,9300840,9323552,9324051,9328245,9328799,9342426,9354371,9364595,9372257,9379158,9391600,9392828,9394783,9396013,9397018,9398027,9398615,9398755,9398757,9496638,9607597,9610842,9612855,9614497,9614676,9614732,9690884,9758229,9760219,9761882,9763337,9763553,9763773,9801842,9835505,9836837,9837853,9838640,9838773,9838837,9862004,9882485,9895617,9896594,9897491,9897640,9897701,9914239,9930399,9931265,9932081,9932667,9932814,9932826,9946312,9960327,9961111,9961873,9962443,9962586,9962601,10026750,10077604,10131854,10158352,10158427,10158432,10158432,10223320,10284015,10357056,10407707,10478692,10479438,10479631,10577638,10697542,10820066,10934359,11038521,11044241,11044498,11123932,11196803,11262393,11322189,11372931,11374733,11374798,11375283,11429650,11484490,11531298,11568506,11570152,11570225,11606438,11648430,11685145,11718409,11745283,11746504,11746613,11777853,11807157,11835815,11862106,11883798,11885878,11886103,11886252,11908635,11931879,11954453,11975244,11977752,11977909,11998185,12017132,12033946,12048828,12063782,12066178,12066332,12082022,12096413,12108787,12119832,12129564,12130716,12130797,12140596,12149573,12157431,12164486,12171246,12172473,12172623,12181180,12189389,12196717,12203168,12209197,12210123,12210234,12222014,12234598,12234838,12271697,12306010,12309462,12309713,12339795,12367383,12391766,12414198,12433487,12435955,12436132,12453853,12469506,12481816,12490082,12491491,12491492,12491575,12507222,12517256
Sinovac,Second,0,0,0,0,0,0,0,0,0,0,0,0,0,0,0,0,0,0,0,0,0,0,0,0,0,0,0,0,0,0,0,0,0,0,0,0,0,0,0,0,0,0,0,0,0,0,0,0,0,0,0,0,0,0,0,0,0,0,0,0,0,0,0,0,0,0,0,392,12733,166747,332531,494105,518251,525152,739261,976839,1242458,1488154,1711363,1737556,1741395,2004883,2226010,2415927,2571832,2712413,2721989,2723160,2824069,2897604,2957515,3010445,3059685,3062403,3062827,3175503,3299847,3436151,3596253,3601391,3602735,3603202,3793017,3903756,4003364,4126495,4259404,4273371,4274706,4416773,4546142,4668506,4793133,4917789,4931648,4933386,5069081,5180965,5285920,5389413,5507718,5518388,5519081,5645359,5739007,5835570,5942463,5973073,5973746,5974353,6035158,6085931,6136862,6178371,6215565,6220263,6220661,6255288,6278912,6300941,6318949,6339128,6339368,6339459,6369165,6400544,6430589,6484686,6485725,6490713,6491246,6535443,6562787,6585938,6602947,6620446,6623184,6623767,6665443,6717700,6777686,6838655,6900961,6912582,6913712,7005992,7101752,7195445,7282148,7367711,7375947,7376471,7460779,7534856,7592794,7648710,7670898,7682359,7683722,7690248,7806283,7906971,7995367,8075124,8094676,8096693,8098114,8172073,8215004,8243301,8271558,8281813,8282845,8328588,8376867,8436406,8509614,8572952,8588564,8590154,8675284,8750246,8832980,8902202,8903872,8913555,8914262,8960534,8999568,9030275,9051720,9066690,9071122,9071544,9083405,9092291,9098397,9103287,9107021,9108322,9108386,9125978,9144932,9146122,9146981,9147759,9147818,9147829,9161466,9173056,9175252,9178981,9181073,9181177,9181293,9198366,9217101,9219737,9221625,9223644,9224050,9224113,9243355,9257094,9265429,9266630,9267814,9267939,9268016,9341533,9428563,9432559,9435025,9437020,9437254,9437272,9494875,9554406,9557148,9559722,9561566,9561826,9561841,9596295,9630649,9641007,9646011,9646032,9646037,9646039,9664413,9683847,9697409,9704728,9710509,9710679,9710701,9724606,9740241,9747822,9753315,9757810,9758004,9758040,9769895,9782575,9787615,9791659,9795409,9795577,9795597,9795861,9858454,9909550,9939969,9956435,9956773,9956801,10001870,10054183,10113792,10160359,10214199,10215368,10215426,10292091,10384339,10483801,10582498,10671682,10675759,10675981,10676445,10765122,10848824,10925512,10991563,10995429,10995600,11035253,11090153,11143713,11194908,11239233,11242587,11242773,11284834,11327304,11366258,11400450,11428930,11430769,11430857,11458476,11489137,11518091,11545974,11571392,11573946,11574179,11591794,11615823,11636763,11656837,11675558,11677582,11677762,11698214,11718335,11718532,11738476,11755529,11757780,11758020,11776875,11794154,11809954,11823583,11835304,11836728,11836825,11848737,11859953,11869749,11877457,11879243,11879243,11879310,11891319,11898829
CanSino,First,0,0,0,0,0,0,0,0,0,0,0,0,0,0,0,0,0,0,0,0,0,0,0,0,0,0,0,0,0,0,0,0,0,0,0,0,0,0,0,0,0,0,0,0,0,0,0,0,0,0,0,0,0,0,0,0,0,0,0,0,0,0,0,0,0,0,0,0,0,0,0,0,0,0,0,0,0,0,0,0,0,0,0,0,0,0,0,0,0,0,0,0,0,0,0,0,0,0,0,0,0,0,0,0,0,0,0,0,0,0,0,0,0,0,0,0,0,0,0,0,0,0,0,0,0,0,0,0,0,0,0,0,0,0,0,0,0,0,0,0,0,0,0,0,0,0,0,0,0,0,0,0,0,0,0,0,0,0,0,0,0,0,0,0,0,0,0,0,0,0,0,0,0,0,0,0,0,0,0,0,0,0,0,0,0,0,0,0,0,0,0,0,0,0,0,0,0,0,0,0,0,0,0,0,0,0,0,0,0,0,0,0,0,0,0,0,0,0,0,0,0,0,0,0,0,0,0,0,0,0,0,0,0,0,0,0,0,0,0,0,0,0,0,0,0,0,0,0,0,0,0,0,0,0,0,0,0,0,0,0,0,0,0,0,0,0,0,0,0,0,0,0,0,0,0,0,0,0,0,0,0,0,0,0,0,0,0,0,0,0,0,0,0,0,0,0,0,0,0,0,0,0,0,0,0,0,0,0,0,0,0,0,0,0,0,0,0,0,0,0,0,0,0,0,0,0,0,0,0,0,0,0,0,0,0,0,0,0,0,0,0,0,0,0,0,0,0,0,0,0,0,0,0,0,0,0,0,0,0,0,0,0,0,0,0,0,0,0,0,0
CanSino,Second,0,0,0,0,0,0,0,0,0,0,0,0,0,0,0,0,0,0,0,0,0,0,0,0,0,0,0,0,0,0,0,0,0,0,0,0,0,0,0,0,0,0,0,0,0,0,0,0,0,0,0,0,0,0,0,0,0,0,0,0,0,0,0,0,0,0,0,0,0,0,0,0,0,0,0,0,0,0,0,0,0,0,0,0,0,0,0,0,0,0,0,0,0,0,0,0,0,0,0,0,0,0,0,0,0,0,0,0,0,0,0,0,0,0,0,0,0,0,0,0,0,0,0,0,0,0,0,0,0,0,0,0,0,0,0,0,0,0,0,0,0,0,0,0,0,0,0,0,0,0,0,0,0,0,0,0,0,0,74,10465,33795,73424,107809,117723,119514,146987,167076,183809,196976,201022,201415,201464,205643,209324,213278,216321,218699,218977,218989,219068,222832,235259,298855,348995,359076,360331,361557,393476,416394,430417,441898,445329,445730,456145,463739,468540,472410,476328,477902,478074,482166,485002,487728,493039,493136,493605,493707,496343,498079,499481,501075,502305,503733,503775,504725,505504,506037,506516,506792,506804,506805,507806,508660,508884,509066,509247,509263,509263,509483,509736,509846,509957,510054,510067,510067,510488,513571,514874,516360,518234,519405,520023,524964,529743,533321,534802,536267,537321,537717,541729,546027,547398,548530,549855,550213,550337,552717,554818,555558,556205,556784,556986,557013,558176,559476,560504,561082,561086,561096,561099,562053,562974,563632,564207,564717,564849,564888,565454,566039,566604,567033,567658,567714,567741,568063,568379,568797,569055,569243,569291,569291,569291,569502,569667,569843,570022,570029,570031,570193,570369,570640,570771,570905,570918,570918,571077,571225,571384,571470,571547,571551,571555,571561,571761,571898,572065,572180,572187,572187,572348,572512,572561,572606,572649,572666,572680,572733,572777,572815,572859,572902,572905,572906,572937,572978,573020,573048,573066,573076,573078,573127,573162,573199,573225,573256,573268,573268,573313,573355,573355,573369,573394,573396,573396,573422,573470,573529,573559,573577,573580,573583,573604,573620,573632,573644,573644,573644,573644,573656,573665
Astra-Zeneca,First,0,0,0,0,0,0,0,0,0,0,0,0,0,0,0,0,0,0,0,0,0,0,0,0,0,0,0,0,0,0,0,0,0,0,0,0,0,0,0,0,0,0,0,0,0,0,0,0,0,0,0,0,0,0,0,0,0,0,0,0,0,0,0,0,0,0,0,0,0,0,0,0,0,0,0,0,0,0,0,0,0,0,0,0,0,0,0,0,0,0,0,0,0,0,0,0,0,0,0,0,0,0,0,0,0,0,0,0,0,0,0,0,0,0,0,0,0,0,0,0,0,0,0,0,0,3607,10152,23879,24165,24347,44446,61219,71047,78263,82410,83080,83150,86106,88088,89756,90308,90551,90591,90591,90886,92316,98835,105554,105625,106118,106138,118543,136098,161269,194356,224674,232816,234154,273983,314643,343573,345253,346269,346468,346493,347808,348960,350392,351192,351979,352194,352204,352980,353463,353905,354305,354628,354694,354699,354731,355204,355701,356320,356898,357185,357195,357246,358184,359035,359671,360216,360414,360432,361354,362142,362640,363053,363619,364205,364242,364934,365461,365899,367795,367879,368076,368076,368896,369714,370507,371266,372066,372835,372857,373575,373974,374337,374629,374912,374930,374930,375975,377229,377468,377643,377872,377880,377880,378310,378713,378819,378874,378972,378979,378980,379160,379386,379446,379495,379517,379519,379520,381103,382507,383453,383506,383560,383566,383569,384655,385821,385886,385934,385981,385999,385999,387074,388008,388050,388080,388119,388127,388127,388841,389413,389778,390001,390001,390001,390001,390574,391144,391576,391963,392328,392332,392333,392937,393707,394395,395030,395605,395634,395640,396430,397060,397546,397986,398382,398399,398401,398404,398976,399486,399906,400253,400287,400289,400792,401324,401711,402122,402472,402489,402491,403077,403610,404082,404547,404930,404961,404964,404967,405449,405796,406067,406268,406288,406293,406499,406626,406719,406801,406880,406895,406898,407044,407192,407322,407407,407486,407500,407500,407607,407692,407771,407852,407907,407924,407925,408025,408114,408190,408251,408301,408311,408312,408390,408446,408449,408516,408557,408566,408566,408631,408693,408741,408779,408819,408823,408825,408883,408923,408950,408967,408969,408969,408969,409003,409024
Astra-Zeneca,Second,0,0,0,0,0,0,0,0,0,0,0,0,0,0,0,0,0,0,0,0,0,0,0,0,0,0,0,0,0,0,0,0,0,0,0,0,0,0,0,0,0,0,0,0,0,0,0,0,0,0,0,0,0,0,0,0,0,0,0,0,0,0,0,0,0,0,0,0,0,0,0,0,0,0,0,0,0,0,0,0,0,0,0,0,0,0,0,0,0,0,0,0,0,0,0,0,0,0,0,0,0,0,0,0,0,0,0,0,0,0,0,0,0,0,0,0,0,0,0,0,0,0,0,0,0,0,0,0,0,0,0,0,0,0,0,0,0,0,0,0,0,0,0,0,0,0,0,0,0,0,0,7,28,243,1092,2878,3179,3235,7205,11962,15520,16186,16725,16836,16841,17483,18017,18556,19044,19493,19606,19611,20008,20344,20769,21150,21674,21752,21757,21848,23206,24979,27819,31306,32263,32344,32459,37338,40756,43171,45214,45608,45658,48594,51413,53982,55800,57575,58011,58054,60030,61354,62469,63795,63821,63947,63947,65027,66177,67835,69617,72813,73315,73326,75906,78468,80068,81422,82773,83104,83105,83892,84791,86376,87597,88630,88640,88640,89001,89313,91091,92544,93260,93277,93279,94042,94813,95989,96882,97814,97836,97839,99564,100786,101855,102243,102602,102623,102626,104062,105553,105921,106191,106425,106440,106440,107121,107746,107920,108068,108202,108213,108217,108543,108841,109003,109094,109094,109094,109094,110109,111200,111965,112307,112527,112528,112528,113354,114298,114694,114926,115097,115105,115107,115916,116653,116876,117033,117226,117235,117235,117236,117982,118387,118707,118840,118850,118850,119301,119828,120234,120640,120978,120984,120985,121514,122161,122752,123363,123855,123878,123882,123886,124744,125329,125842,126224,126254,126261,126570,126998,127389,127731,128051,128092,128092,128752,129400,129870,130327,130690,130716,130720,131217,131750,132224,132663,132987,133033,133039,133318,133707,133964,134266,134496,134525,134529,134818,135033,135033,135206,135335,135354,135361,135563,135733,135878,136025,136124,136139,136143,136302,136430,136531,136593,136610,136610,136611,136759,136853
