Region,Dose,2020-12-24,2020-12-25,2020-12-26,2020-12-27,2020-12-28,2020-12-29,2020-12-30,2020-12-31,2021-01-01,2021-01-02,2021-01-03,2021-01-04,2021-01-05,2021-01-06,2021-01-07,2021-01-08,2021-01-09,2021-01-10,2021-01-11,2021-01-12,2021-01-13,2021-01-14,2021-01-15,2021-01-16,2021-01-17,2021-01-18,2021-01-19,2021-01-20,2021-01-21,2021-01-22,2021-01-23,2021-01-24,2021-01-25,2021-01-26,2021-01-27,2021-01-28,2021-01-29,2021-01-30,2021-01-31,2021-02-01,2021-02-02,2021-02-03,2021-02-04,2021-02-05,2021-02-06,2021-02-07,2021-02-08,2021-02-09,2021-02-10,2021-02-11,2021-02-12,2021-02-13,2021-02-14,2021-02-15,2021-02-16,2021-02-17,2021-02-18,2021-02-19,2021-02-20,2021-02-21,2021-02-22,2021-02-23,2021-02-24,2021-02-25,2021-02-26,2021-02-27,2021-02-28,2021-03-01,2021-03-02,2021-03-03,2021-03-04,2021-03-05,2021-03-06,2021-03-07,2021-03-08,2021-03-09,2021-03-10,2021-03-11,2021-03-12,2021-03-13,2021-03-14,2021-03-15,2021-03-16,2021-03-17,2021-03-18,2021-03-19,2021-03-20,2021-03-21,2021-03-22,2021-03-23,2021-03-24,2021-03-25,2021-03-26,2021-03-27,2021-03-28,2021-03-29,2021-03-30,2021-03-31,2021-04-01,2021-04-02,2021-04-03,2021-04-04,2021-04-05,2021-04-06,2021-04-07,2021-04-08,2021-04-09,2021-04-10,2021-04-11,2021-04-12,2021-04-13,2021-04-14,2021-04-15,2021-04-16,2021-04-17,2021-04-18,2021-04-19,2021-04-20,2021-04-21,2021-04-22,2021-04-23,2021-04-24,2021-04-25,2021-04-26,2021-04-27,2021-04-28,2021-04-29,2021-04-30,2021-05-01,2021-05-02,2021-05-03,2021-05-04,2021-05-05,2021-05-06,2021-05-07,2021-05-08,2021-05-09,2021-05-10,2021-05-11,2021-05-12,2021-05-13,2021-05-14,2021-05-15,2021-05-16,2021-05-17,2021-05-18,2021-05-19,2021-05-20,2021-05-21,2021-05-22,2021-05-23,2021-05-24,2021-05-25,2021-05-26,2021-05-27,2021-05-28,2021-05-29,2021-05-30,2021-05-31,2021-06-01,2021-06-02,2021-06-03,2021-06-04
Total,First,420,5198,8338,8649,8649,8649,8649,8649,8649,8649,8649,9054,10497,10702,10702,10702,10702,10702,10702,10702,10703,12821,13778,13801,13801,24837,44192,53495,56555,56967,56967,56967,56984,57005,57006,57006,57006,57007,57007,57007,70189,240548,414571,583238,611087,619721,841188,1083651,1356166,1607428,1836658,1866173,1870639,2136492,2356489,2544524,2699764,2841879,2851518,2852682,2960798,3055009,3141101,3227026,3305280,3315259,3315614,3452697,3611566,3769355,3914032,4050235,4059881,4060945,4197486,4336438,4472172,4643558,4794729,4819025,4821772,4979451,5145740,5296524,5444467,5580251,5603396,5606242,5750135,5897040,6049810,6206218,6372083,6384954,6385923,6536641,6669843,6796345,6930637,6932484,6934359,6935016,7014482,7106971,7201306,7277541,7347891,7358984,7360071,7437671,7512085,7590802,7652353,7710136,7717956,7718816,7762494,7801448,7832441,7888617,7928347,7934055,7934406,7977273,8016097,8059445,8090155,8140761,8141816,8142611,8218427,8299284,8380611,8462002,8545500,8562778,8563735,8666733,8773767,8878246,8974796,9077541,9078640,9078905,9203208,9338628,9463255,9589796,9597505,9623783,9627471,9802830,9991687,10171560,10337621,10482299,10523687,10532785,10688011,10826333,10934596,10989454,11029781
Total,Second,0,0,0,0,0,0,0,0,0,0,0,0,0,0,0,0,0,0,0,0,1029,5825,8299,8366,8366,8366,8367,8367,8367,8367,8367,8367,9770,10365,10399,10399,10404,10404,10404,10404,10410,10410,12518,13188,13193,13195,24963,44338,52674,55558,55768,55802,55802,55802,55813,55813,55813,55813,55813,55813,55834,55874,56047,56191,56309,56313,56313,56721,69135,223169,388952,550493,574621,581514,795478,1032940,1298412,1543987,1767038,1793184,1797018,2069412,2312895,2528864,2714918,2869627,2880610,2881786,3003702,3094232,3158995,3214184,3265254,3268002,3268424,3383868,3528428,3681554,3849972,3855147,3856492,3856953,4061645,4208136,4346381,4509015,4656971,4671792,4673147,4831768,4991625,5141091,5285016,5417612,5431946,5433700,5582104,5728903,5873722,6016886,6159966,6171830,6172517,6325320,6456801,6581694,6705663,6742397,6743597,6744256,6819584,6907524,7000481,7076557,7139903,7148025,7148468,7218336,7302859,7380644,7440575,7496213,7496616,7496785,7543426,7590632,7631533,7694562,7695910,7702147,7702733,7763514,7819923,7868001,7903992,7944531,7950273,7951239,8010561,8081541,8152723,8220628,8286807
Arica y Parinacota,First,0,0,0,0,0,0,0,0,0,0,0,0,0,0,0,0,0,0,0,0,0,0,0,0,0,895,2123,2811,2891,2891,2891,2891,2891,2891,2891,2891,2891,2891,2891,2891,2968,4410,7243,9637,9941,9975,12404,14954,17974,20731,23612,23728,23728,26376,28449,30608,32738,34797,34852,34852,36844,38755,40079,41220,43273,43469,43469,44951,46159,47172,48001,49007,49073,49075,50205,51225,52455,54097,55434,55534,55534,56801,58464,59998,62147,63242,63306,63306,64469,65771,67200,68693,70229,70335,70335,71692,73071,74281,75445,75531,75673,75674,76644,78031,78958,79893,80152,80153,80153,81077,81997,83005,83727,84425,84456,84456,85201,85956,86640,87620,88028,88088,88088,88697,89452,90078,90504,90947,90951,90951,91834,92647,93786,94725,95569,95651,95651,96811,98105,99297,100374,101473,101534,101540,102788,104203,105648,107171,107327,108120,108120,110141,112564,114622,116879,118699,119113,119114,121174,123086,123565,123570,123575
Arica y Parinacota,Second,0,0,0,0,0,0,0,0,0,0,0,0,0,0,0,0,0,0,0,0,0,0,0,0,0,0,0,0,0,0,0,0,0,0,0,0,0,0,0,0,0,0,0,0,0,0,883,2091,2734,2802,2805,2805,2805,2805,2805,2805,2805,2805,2805,2805,2806,2821,2832,2844,2852,2853,2853,2855,2916,4169,7003,9231,9490,9516,11811,14326,17155,19901,22739,22833,22833,25775,28612,31301,33796,35933,35978,35978,38090,40194,41406,42211,42976,42982,42982,43864,44899,45727,46602,46609,46613,46614,48173,49461,50693,52223,53313,53366,53366,54142,55875,57573,59405,60318,60370,60372,61020,62960,64466,65186,66647,66667,66670,68262,69909,71229,72296,72682,72682,72683,73594,74694,75561,75746,75961,75969,75969,77136,78344,79203,79718,80314,80330,80333,81249,82218,82980,83721,83762,83915,83916,84761,85571,86213,86933,87492,87533,87536,88280,89482,89999,90757,91438
Tarapacá,First,0,0,0,0,0,0,0,0,0,0,0,0,120,160,160,160,160,160,160,160,160,160,160,160,160,160,160,160,160,160,160,160,160,160,160,160,160,160,160,160,334,2497,4513,6929,7468,7468,10862,14864,19676,23992,28209,28380,28380,33613,38448,41929,44128,46273,46382,46382,47958,49671,52045,54193,55706,55779,55779,57681,59592,61291,63073,65069,65179,65179,67057,68783,70353,72477,74632,74834,74834,77119,79645,81995,84363,86867,87106,87106,89411,91809,94461,96674,99382,99486,99486,101936,104067,106046,107967,107995,108023,108063,109868,111985,114126,115798,117432,117580,117608,119666,121370,123181,124813,126808,127003,127060,129022,131079,132854,134289,135670,135911,135924,137360,138854,140295,141351,142340,142342,142344,143968,145327,146707,147882,149112,149699,149699,151186,152709,154218,155588,157127,157129,157133,158689,160295,161710,163202,163274,163958,164053,167076,170284,173203,175664,178127,179023,179159,181624,183535,185283,186993,188385
Tarapacá,Second,0,0,0,0,0,0,0,0,0,0,0,0,0,0,0,0,0,0,0,0,0,0,0,0,0,0,0,0,0,0,0,0,0,152,157,157,157,157,157,157,157,157,157,157,157,157,157,157,157,157,157,157,157,157,157,157,157,157,157,157,158,158,158,159,159,159,159,159,291,2218,4147,6415,6923,6923,10153,14047,18582,22663,26784,26987,26987,32044,37448,42316,45969,48657,48819,48819,50683,51767,52731,53510,54382,54435,54435,56023,57722,59364,61492,61493,61493,61495,64447,66406,68200,70153,71770,71904,71906,74325,76837,79172,81334,83606,83777,83777,86298,88779,91213,93004,94844,94980,94981,97911,99948,101988,103875,104582,104606,104635,106285,108076,109540,111495,113029,113369,113369,115322,116989,118459,119981,121691,121692,121692,123706,125724,127713,129649,129693,130001,130026,131776,133390,135005,136370,137486,137698,137728,139246,140636,141969,143132,144398
Antofagasta,First,0,0,0,0,0,0,0,0,0,0,0,0,0,0,0,0,0,0,0,0,0,0,0,0,0,2774,5338,6108,6108,6108,6108,6108,6108,6108,6108,6108,6108,6108,6108,6108,6328,9316,12790,15849,16033,16033,19617,24047,29754,36322,42671,43441,43446,50647,56069,60865,64997,69040,69195,69195,73113,76681,79907,82254,84800,84800,84800,88975,93734,98475,102841,106587,106594,106594,110882,116073,120693,126416,131620,131739,131739,136789,142274,148259,153451,158455,158817,158861,164778,170844,176467,181715,186929,187314,187500,193015,198103,203045,207751,208044,208500,208695,211844,215317,219118,222179,224732,225245,225389,228671,231771,234839,237451,239976,240960,241094,242553,243545,244412,245995,247110,247654,247679,248633,249546,250443,251152,252541,252574,252610,254572,257074,259682,262271,264313,265319,265573,269007,272686,276190,279593,283274,283548,283628,288217,293575,298287,302813,303334,304363,304567,311629,319436,325280,329643,332928,333167,333286,336617,338467,340110,342563,345443
Antofagasta,Second,0,0,0,0,0,0,0,0,0,0,0,0,0,0,0,0,0,0,0,0,0,0,0,0,0,0,0,0,0,0,0,0,0,0,0,0,0,0,0,0,0,0,0,0,0,0,2400,5243,5875,5875,5886,5886,5886,5886,5886,5886,5886,5886,5886,5886,5886,5892,6005,6024,6027,6028,6028,6030,6551,9495,12764,15425,15494,15494,19042,23371,28861,35196,41261,41823,41823,49760,56568,62590,67419,72053,72206,72211,75778,78315,80379,82134,83722,83725,83745,87321,91726,96112,101115,101147,101153,101159,107383,112576,117295,121298,127101,127307,127321,132764,137882,143251,148305,152781,153502,153556,159660,165080,170232,175283,180070,180621,180783,185868,189551,193638,198662,200536,200695,200825,204042,207586,211557,214538,217092,217645,217766,220570,223833,226747,228917,231255,231348,231457,233372,235095,236446,238336,238471,238765,238798,240614,242278,243345,244404,245814,245853,245884,247976,250170,252555,254928,256977
Atacama,First,0,0,0,0,0,0,0,0,0,0,0,0,0,0,0,0,0,0,0,0,0,0,0,0,0,331,1640,2511,3600,3865,3865,3865,3865,3867,3867,3867,3867,3867,3867,3867,3869,9462,15285,20017,20471,20471,24071,26490,28721,30786,33296,33773,33773,35881,37741,39634,41575,42657,42710,42712,44628,47060,49398,51684,53216,53293,53293,54675,55859,56828,57980,60001,60300,60300,62275,64225,66072,68126,70153,70257,70257,72592,74904,77112,79264,80986,80987,80999,83464,86012,88486,90750,93166,93166,93166,95361,97420,99154,100824,100824,100824,100824,102438,103969,105739,106945,108462,108593,108593,109012,110544,111941,113068,114095,114095,114095,115208,116582,117490,118549,119463,119463,119463,120256,121379,122478,123333,124445,124445,124445,125920,127449,128766,130102,131502,131691,131691,133224,134994,136578,137929,139565,139589,139589,141332,143320,145287,147106,147106,147153,147153,150174,153701,156876,159675,161960,161962,161962,164829,167369,169149,170402,171103
Atacama,Second,0,0,0,0,0,0,0,0,0,0,0,0,0,0,0,0,0,0,0,0,0,0,0,0,0,0,0,0,0,0,0,0,0,0,0,0,0,0,0,0,6,6,6,6,6,8,504,1743,2660,3657,3736,3736,3736,3736,3737,3737,3737,3737,3737,3737,3737,3737,3737,3744,3771,3771,3771,3780,4453,9456,14650,19136,19559,19560,23040,25474,27698,29789,32232,32600,32600,35070,37859,40726,42561,43796,43820,43825,45501,47191,48560,50457,51784,51785,51785,52857,54119,55563,57062,57063,57063,57063,59714,61774,63558,65480,67058,67064,67064,69006,71615,73822,76011,77823,77829,77829,79878,82350,84626,86838,88605,88610,88610,89941,92159,94399,96206,96996,96996,96996,98231,99685,101430,102571,103549,103613,103613,104479,106130,107440,108488,109197,109197,109197,110353,111787,112909,114138,114139,114148,114148,115253,116640,117735,118493,119127,119131,119133,120776,122379,123684,124784,125438
Coquimbo,First,0,0,0,0,0,0,0,0,0,0,0,0,0,0,0,0,0,0,0,0,0,0,0,0,0,2497,6201,8199,8707,8769,8769,8769,8769,8769,8769,8769,8769,8769,8769,8769,8769,12772,17625,22450,22458,22458,30306,39189,49269,58823,67662,68143,68143,79335,88177,96227,103145,109626,109670,109675,115886,121144,125800,130616,134579,134715,134715,142172,150185,157758,164122,169681,169733,169733,175731,181980,187680,194193,199875,200081,200081,206464,213132,218903,224521,229789,229891,229891,235729,241521,247619,253930,260646,261079,261079,266919,272443,277481,283071,283080,283080,283082,286994,291588,295932,299789,303312,303401,303401,307175,310619,313963,316835,319762,319843,319843,322447,324565,326502,329200,331389,331484,331485,333813,336098,338431,340609,342402,342417,342417,345928,349339,352845,355887,359131,359294,359294,363261,367355,371130,375215,379291,379316,379316,384071,389906,395029,400565,400578,400793,400798,407634,416488,423776,429104,433224,433503,433503,438087,441875,444227,447270,450635
Coquimbo,Second,0,0,0,0,0,0,0,0,0,0,0,0,0,0,0,0,0,0,0,0,0,0,0,0,0,0,0,0,0,0,0,0,0,0,0,0,0,0,0,0,0,0,0,0,0,0,2760,6442,8057,8560,8572,8606,8606,8606,8606,8606,8606,8606,8606,8606,8608,8612,8625,8654,8657,8657,8657,8661,8725,12404,16996,21513,21532,21533,28970,37538,47578,56843,65418,65775,65777,77832,88025,97618,106643,114059,114107,114110,121336,125551,128678,131146,133560,133638,133639,139270,146328,153443,160008,160110,160112,160115,169817,176618,182454,189286,194585,194757,194758,201106,207357,212961,218322,223442,223537,223540,229680,235110,240860,246590,252417,252680,252682,258139,262819,268613,273976,275535,275537,275542,279092,283156,287554,291247,294667,294715,294718,298332,301873,305221,308112,310734,310762,310764,313374,315876,318020,320899,320905,320958,320961,324292,327018,329816,332106,333830,333893,333894,336986,340775,343926,346704,349554
Valparaíso,First,0,0,0,0,0,0,0,0,0,0,0,0,600,600,600,600,600,600,600,600,600,1424,1454,1454,1454,1454,1454,1454,1454,1454,1454,1454,1463,1463,1463,1463,1463,1463,1463,1463,3094,19414,37413,56787,58073,58111,85910,116231,149511,180767,208615,209943,209943,243741,273509,297919,318563,337090,337769,337882,349248,358388,366201,374839,384437,388080,388096,401433,419711,440235,459175,477001,477303,477303,493356,508789,524444,545899,563666,564891,564891,581311,599715,616784,635086,651545,652652,652735,667818,681955,697468,713146,729624,729994,730022,746768,760756,773503,787321,787482,787674,787715,795545,805219,814908,822593,830173,830760,830879,839736,846830,855253,861826,868901,869300,869342,875168,879982,883925,891021,896005,896356,896386,902054,906008,910372,913073,915846,915873,915883,921443,928159,936167,944528,952972,953979,954035,964324,975339,985568,995324,1005552,1005698,1005757,1017685,1030355,1042124,1053538,1053659,1056039,1056123,1073285,1091295,1107124,1120343,1129346,1130859,1130861,1138844,1148573,1157288,1161219,1162642
Valparaíso,Second,0,0,0,0,0,0,0,0,0,0,0,0,0,0,0,0,0,0,0,0,0,0,0,0,0,0,0,0,0,0,0,0,587,587,587,587,587,587,587,587,587,587,1424,1428,1428,1428,1428,1428,1428,1428,1428,1428,1428,1428,1428,1428,1428,1428,1428,1428,1428,1428,1431,1438,1454,1455,1455,1457,2920,18127,35357,53930,55053,55060,81863,111384,143690,174145,201417,202432,202444,235433,267869,295117,320329,339413,340090,340166,354919,366686,373507,379124,383599,383685,383709,396118,411928,432125,454243,454820,455032,455053,479466,496023,511553,532446,549899,550702,550741,567079,584210,601211,619035,634998,635794,635885,651706,665356,680052,693926,708844,709302,709334,726314,739729,752754,765879,769361,769462,769519,776927,786005,795079,803017,810017,810437,810490,818641,826512,834657,840601,846664,846747,846784,852628,858383,863248,870548,870607,871057,871082,878786,885200,890718,894811,898112,898440,898450,903366,910511,918077,925653,932818
Metropolitana,First,420,2934,5418,5714,5714,5714,5714,5714,5714,5714,5714,5819,5819,5819,5819,5819,5819,5819,5819,5819,5819,7069,7942,7965,7965,7965,7965,7965,7981,7991,7991,7991,7997,8007,8007,8007,8007,8008,8008,8008,12097,71902,135231,197875,208199,210125,293820,385124,486847,577947,664914,678807,680548,784939,870544,945001,1006173,1062610,1067890,1068295,1105651,1136346,1164282,1192238,1216134,1219914,1220026,1276985,1339850,1403796,1465323,1524304,1530019,1530429,1583485,1635849,1686825,1750911,1807837,1822360,1823287,1883716,1947225,2006052,2065222,2119579,2135499,2136427,2197156,2259867,2325132,2396023,2470632,2480169,2480745,2544580,2600909,2654515,2710963,2711854,2712577,2712828,2743336,2778703,2815773,2845988,2874958,2882300,2882770,2917228,2946944,2979873,3005369,3027956,3032498,3033030,3049027,3062738,3072524,3095972,3110751,3113744,3113860,3130645,3144272,3159938,3166840,3180711,3181027,3181102,3199684,3223239,3252517,3283925,3318537,3328301,3328623,3373402,3418509,3463191,3505079,3550255,3550255,3550255,3610282,3670490,3717312,3763508,3765990,3778973,3780254,3845724,3911433,3973851,4031315,4079762,4101106,4106187,4155652,4193184,4223410,4240887,4249558
Metropolitana,Second,0,0,0,0,0,0,0,0,0,0,0,0,0,0,0,0,0,0,0,0,896,3550,5473,5540,5540,5540,5541,5541,5541,5541,5541,5541,5655,5656,5656,5656,5656,5656,5656,5656,5656,5656,6927,7591,7596,7596,7606,7756,7814,7829,7840,7840,7840,7840,7850,7850,7850,7850,7850,7850,7852,7852,7855,7892,7906,7907,7907,7954,11646,63926,124026,184556,192988,194283,275041,365578,465510,554397,638210,649999,651184,757111,847827,930555,1001150,1061527,1068606,1069088,1108972,1138004,1159300,1177914,1197276,1199142,1199352,1248476,1308325,1371596,1443332,1446321,1447193,1447538,1530005,1585481,1638823,1701688,1760719,1770928,1771625,1832390,1892171,1949661,2007157,2060872,2070042,2070677,2133363,2196939,2257601,2321523,2385371,2393816,2394103,2460939,2515851,2568765,2619396,2633930,2634612,2634817,2664172,2698224,2735306,2764772,2789429,2794437,2794522,2821066,2858302,2891207,2916323,2939732,2939734,2939734,2957081,2974163,2988722,3014470,3015179,3018885,3019108,3042232,3064075,3083092,3095636,3111420,3115255,3115869,3135124,3159169,3186603,3214943,3244142
O’Higgins,First,0,0,0,0,0,0,0,0,0,0,0,0,0,0,0,0,0,0,0,0,0,0,0,0,0,2191,7950,10305,11602,11677,11677,11677,11677,11677,11677,11677,11677,11677,11677,11677,11921,18983,28347,37235,38353,38412,48281,57736,70921,82139,93269,94484,94504,109712,122768,134119,143177,150900,151331,151343,157674,163158,168073,172964,176724,177048,177048,186533,196503,205794,213831,221765,222123,222125,230272,238299,246024,255911,264898,265423,265427,275036,284389,292629,299938,307059,307372,307375,314942,322536,330434,338003,346645,346797,346859,355740,364336,372561,380345,380352,380368,380394,384621,389243,394481,397405,398931,398984,398984,402191,406458,411232,414843,418130,418356,418375,420283,422183,423935,426781,429032,429073,429073,431087,433202,434770,435630,437304,437304,437305,441350,445966,450996,455989,461253,461475,461475,468039,474604,481115,487029,493302,493344,493344,500303,508398,517146,527843,530090,530588,530590,538944,546875,554301,559311,565497,566245,566303,570748,576612,580826,583547,586714
O’Higgins,Second,0,0,0,0,0,0,0,0,0,0,0,0,0,0,0,0,0,0,0,0,0,0,0,0,0,0,0,0,0,0,0,0,0,0,0,0,0,0,0,0,0,0,0,1,1,1,2560,8075,10254,11399,11482,11482,11482,11482,11482,11482,11482,11482,11482,11482,11490,11493,11507,11514,11526,11526,11526,11543,11812,18603,27662,36470,37317,37344,47217,56464,69373,80345,91142,92234,92256,107842,121541,133773,143846,152296,152648,152661,159908,164993,169180,172704,175191,175355,175374,183991,193541,203169,215712,215777,215782,215800,225486,233653,241254,250824,259531,259851,259853,269063,277803,286328,293513,300516,300757,300760,308095,315337,323056,330667,338463,338595,338599,346597,355221,362863,369808,371616,371624,371625,376041,380762,386119,389586,391508,391576,391577,394839,399282,403799,407394,410536,410565,410565,412344,414715,416836,420705,420767,420797,420797,423448,426108,427958,428783,430811,430893,430898,434846,439385,444063,448706,453240
Maule,First,0,0,0,0,0,0,0,0,0,0,0,230,503,503,503,503,503,503,503,503,503,503,503,503,503,503,503,503,503,503,503,503,503,512,512,512,512,512,512,512,1667,14339,26644,39875,43774,46404,61103,76141,92684,107708,120416,121863,122451,136536,149531,161130,170225,179176,179547,179711,186858,193290,199167,204944,211386,211665,211674,219258,228732,237681,245166,251800,252459,252707,261046,269939,279596,290491,300498,302023,302565,313562,324017,333099,341878,350030,350655,350846,359797,368937,377876,386273,395184,395315,395342,404601,412383,419467,427756,427782,427812,427841,433582,439933,445850,450978,455801,456094,456122,459352,463580,467564,470269,472816,473052,473073,475714,477892,480041,483143,485625,485772,485787,487410,489459,490991,492046,494861,494896,494908,498436,502650,506730,511275,516858,517631,517648,523979,531094,538074,544319,551434,551545,551545,558738,567248,575383,583908,584182,585712,586870,597707,608744,617764,626299,636199,638685,639389,648656,651379,653973,657515,660985
Maule,Second,0,0,0,0,0,0,0,0,0,0,0,0,0,0,0,0,0,0,0,0,0,0,0,0,0,0,0,0,0,0,0,0,290,498,498,498,498,498,498,498,498,498,498,498,498,498,498,498,498,498,498,498,498,498,498,498,498,498,498,498,501,504,504,504,509,509,509,518,1436,13098,24946,37647,41410,43802,58232,72809,88831,103696,116335,117774,118429,132881,146914,160144,171138,182415,182750,182834,190953,196711,201032,204748,208542,208593,208613,215099,223380,231615,240100,240159,240180,240196,252732,262265,271496,281657,291100,291452,291494,302179,312832,322105,330797,338921,339354,339404,348448,357542,366265,374741,382767,383008,383029,392551,400738,407914,414915,417479,417510,417540,422235,428083,434257,439375,444127,444439,444450,448064,452478,456515,459449,462341,462374,462375,464594,467019,469509,473159,473179,473337,473453,476508,479317,481694,483388,485757,485913,485932,489585,493610,497555,501659,506155
Ñuble,First,0,0,0,0,0,0,0,0,0,0,0,0,0,0,0,0,0,0,0,0,0,0,0,0,0,1719,5437,7785,7785,7785,7785,7785,7785,7785,7785,7785,7785,7785,7785,7785,7824,13474,20180,26377,26613,26729,33942,41790,50900,61274,70108,70404,70655,78151,84513,90428,95583,99920,100119,100119,104187,107999,111287,114573,117230,117284,117342,120860,124871,128421,131294,133671,133750,133786,138422,143468,148463,154483,159615,159821,160035,165908,171679,176434,180696,184693,184919,185125,188882,192916,197001,201039,205036,205080,205139,208951,212278,215378,220009,220010,220010,220010,223042,226269,229394,232329,235257,235479,235506,237445,239005,240255,241250,242475,242554,242568,243562,244548,245278,246588,247467,247504,247505,248743,249681,250793,251623,252426,252427,252427,253929,255469,257124,258692,260507,260735,260754,262934,265274,267651,269818,272179,272308,272406,274665,278450,283599,288860,289036,289388,289552,294080,298094,300946,303764,306377,306883,306960,309733,312079,313986,315933,317625
Ñuble,Second,0,0,0,0,0,0,0,0,0,0,0,0,0,0,0,0,0,0,0,0,0,0,0,0,0,0,0,0,0,0,0,0,0,0,0,0,0,0,0,0,0,0,0,0,0,0,2015,5686,7652,7699,7703,7703,7703,7703,7703,7703,7703,7703,7703,7703,7706,7709,7721,7730,7734,7734,7734,7739,7860,13201,19581,25420,25555,25682,32911,40483,49424,59348,67786,68149,68392,76349,83419,90085,96101,100746,100785,100794,105410,108954,111691,113989,115814,115897,115911,118981,122537,125899,129345,129347,129347,129347,134881,140054,144977,150759,155751,155833,155887,161561,167242,172004,176169,180310,180501,180586,184533,188544,192363,196357,200158,200236,200263,204312,207872,210934,214988,215903,215904,215905,218590,221591,224730,227645,230095,230233,230242,232387,234365,235866,237069,238329,238379,238391,239398,240308,241240,242960,242974,243038,243044,244615,245854,247129,248255,249122,249154,249156,250666,252266,253771,255286,256865
Biobío,First,0,1388,2044,2059,2059,2059,2059,2059,2059,2059,2059,2059,2059,2059,2059,2059,2059,2059,2059,2059,2059,2092,2146,2146,2146,2146,2146,2146,2146,2146,2146,2146,2146,2146,2146,2146,2146,2146,2146,2146,6316,28221,46732,63168,67332,69958,93393,120861,152392,181077,203028,206269,207548,228811,245698,260121,271047,280984,282123,282515,291029,298769,306533,315755,322537,322885,323043,334468,347765,361053,373173,383886,384524,384740,396588,409704,422310,439649,454765,457978,458851,473933,490020,504661,518196,530866,533535,534694,546506,558741,571454,583477,597744,598347,598372,611157,621839,632866,644159,644355,644427,644429,650586,658119,666152,672935,678498,679742,679962,686284,692281,698046,701979,705684,706065,706105,709589,712122,714368,718686,721732,722248,722368,725629,728429,731795,734126,738534,738619,739086,744439,749786,755024,760626,766505,767955,768174,775671,783531,791471,798705,805921,805930,805937,814745,824371,832890,841133,841137,843891,844522,857734,872251,885299,897109,907334,911042,912184,922813,931785,940739,947446,953029
Biobío,Second,0,0,0,0,0,0,0,0,0,0,0,0,0,0,0,0,0,0,0,0,1,1421,1966,1966,1966,1966,1966,1966,1966,1966,1966,1966,1966,1966,1966,1966,1966,1966,1966,1966,1966,1966,1966,1966,1966,1966,1966,1997,2078,2115,2121,2121,2121,2121,2121,2121,2121,2121,2121,2121,2121,2122,2122,2122,2122,2122,2122,2130,4845,25098,42892,58518,62404,64717,87094,114567,144941,173145,195017,198153,199309,222277,242227,259828,274865,285060,286213,286644,297487,306092,311476,316051,320238,320436,320548,328617,339457,351436,364042,364729,364819,364832,383333,397036,410161,426330,439693,441426,441829,457801,473819,488147,501365,513344,515067,515694,529107,541263,553715,565500,577714,578462,578598,591663,603069,614220,624814,628081,628164,628345,634433,641375,649130,655818,660738,661482,661640,668075,674149,680149,684328,687972,687976,687977,691776,694972,697883,702246,702257,702811,702948,708232,712562,716703,719885,723948,724436,724622,730046,735199,740432,745524,750658
Araucanía,First,0,711,711,711,711,711,711,711,711,711,711,711,711,711,711,711,711,711,711,711,711,722,722,722,722,722,722,722,722,722,722,722,722,722,722,722,722,722,722,722,946,13334,22445,30498,31627,31629,42802,57198,72072,86303,100182,102257,102258,118661,132758,143380,152449,160745,161127,161127,168605,175419,181186,186049,191168,191781,191782,199302,209491,217964,225486,232526,232937,232937,240895,248725,256730,266726,275908,276607,276607,285615,294980,303319,311104,318686,319110,319110,326194,333170,340451,347508,354626,354915,354915,362004,368058,373448,379418,379435,379453,379453,383245,387844,392508,396219,399793,399956,399956,403294,407467,411163,414133,416945,417067,417067,419694,422471,424563,427582,430044,430458,430479,432932,435420,437963,439844,442259,442274,442274,445486,448762,451962,455446,459053,459567,459567,464284,469719,475013,479680,484746,484776,484784,489769,495333,500721,506831,507880,509259,509263,517880,527445,535701,541186,545204,545444,545444,550450,557890,564491,567953,569997
Araucanía,Second,0,0,0,0,0,0,0,0,0,0,0,0,0,0,0,0,0,0,0,0,0,697,697,697,697,697,697,697,697,697,697,697,697,697,697,697,697,697,697,697,697,697,697,697,697,697,697,697,697,697,697,697,697,697,697,697,697,697,697,697,697,697,697,703,716,716,716,717,1026,12147,20929,28659,29858,29862,40696,54197,68605,82413,96206,98126,98134,114882,130202,142020,152111,161656,161953,161954,169535,175287,180309,184138,187730,187807,187807,194640,203866,211830,219981,220345,220361,220361,232700,240946,248952,258616,267135,267458,267461,276593,285771,294070,301651,309216,309524,309526,316909,323884,330790,337411,344075,344404,344408,351480,357901,363542,369016,370501,370508,370509,373897,378075,382560,386216,389730,389898,389899,393306,397181,400810,403704,406185,406191,406192,408975,411890,414219,417937,418126,418428,418442,422298,425574,427972,430453,432727,432785,432787,435995,439568,442886,445814,448415
Los Ríos,First,0,0,0,0,0,0,0,0,0,0,0,70,145,145,145,145,145,145,145,145,145,145,145,145,145,145,145,145,145,145,145,145,145,145,145,145,145,145,145,145,770,5510,10190,14573,15139,15656,21111,28010,35136,42229,47631,48439,48882,54479,58338,61676,64667,67462,67535,67589,70583,73044,75180,77101,78657,78676,78677,80677,84521,88715,92179,95029,95185,95220,98700,102457,105743,109960,113064,113215,113346,116957,120835,123948,126403,129063,129196,129397,132624,135696,138904,142804,146824,146984,146988,150196,152644,155017,157570,157696,157822,157890,159397,161067,162589,164357,166342,166503,166552,167985,169575,171488,173152,174820,175178,175179,176007,177037,177833,178769,179344,179420,179427,179991,180441,180817,181329,182289,182423,182432,183500,184694,185979,187429,189097,189360,189360,190867,192548,194251,195774,197343,197394,197394,199060,201331,203837,206419,206944,207602,207642,210945,215090,218477,221397,223933,223973,223975,226011,228793,230530,231775,232715
Los Ríos,Second,0,0,0,0,0,0,0,0,0,0,0,0,0,0,0,0,0,0,0,0,0,0,0,0,0,0,0,0,0,0,0,0,70,145,145,145,145,145,145,145,145,145,145,145,145,145,145,145,145,145,145,145,145,145,145,145,145,145,145,145,145,145,145,145,145,145,145,145,616,4867,9319,13713,14221,14602,19763,26507,33451,40406,45619,46419,46891,52770,57822,62043,65693,68834,68977,69031,72202,74191,75545,76820,77809,77844,77846,79217,82472,86209,90357,90627,90735,90768,95361,99173,102392,106173,109552,109697,109792,113207,116775,119959,122506,125042,125255,125453,128483,131542,134626,137873,140605,140810,140814,144058,146789,148583,151755,152822,152920,152937,154219,155930,157723,159493,161032,161167,161168,162511,164305,166296,167906,169227,169252,169252,170229,171724,172799,174033,174082,174180,174183,175145,176043,176726,177386,178170,178202,178205,179084,180590,181941,183162,184162
Los Lagos,First,0,0,0,0,0,0,0,0,0,0,0,0,375,540,540,540,540,540,540,540,540,540,540,540,540,540,540,540,540,540,540,540,542,542,543,543,543,543,543,543,802,9742,18286,26912,30496,31182,44057,57032,70063,82227,93532,96675,96799,110901,121599,129297,135998,142332,142718,142725,148333,153583,158644,163599,169224,169562,169562,175612,182272,188735,194462,199707,200487,200598,206556,213013,219128,226197,232906,234385,234400,241526,249676,256475,263137,268389,269316,269324,275121,281937,289438,296843,303600,304146,304146,309925,315865,322110,328608,328613,328621,328621,332557,337211,341643,344682,347543,347684,347684,350692,354590,358598,361993,364577,364757,364757,365333,365979,366536,367786,369408,369582,369583,372331,375279,377163,378445,379233,379233,379233,381658,384594,387412,390214,393049,393364,393364,396825,401005,405461,409764,414080,414153,414153,419254,424823,429522,433383,433383,433448,433448,439851,447551,456054,462308,467568,467767,467768,474214,480766,485763,488945,492606
Los Lagos,Second,0,0,0,0,0,0,0,0,0,0,0,0,0,0,0,0,0,0,0,0,0,0,0,0,0,0,0,0,0,0,0,0,342,501,530,530,535,535,535,535,535,535,535,535,535,535,535,535,535,535,535,535,535,535,535,535,535,535,535,535,535,535,535,538,539,539,539,839,1569,9657,17674,25555,28446,28763,40949,53228,65749,77891,88779,91742,91807,106064,119080,128736,137415,144132,144527,144538,152008,157620,161618,164615,167151,167189,167189,171766,177326,183712,190200,190212,190217,190218,199058,205413,211535,216997,222953,223223,223224,231703,240161,247329,253892,258746,258942,258944,265289,272295,279867,286357,292217,292448,292451,298525,304492,309661,315836,317364,317364,317365,321535,325968,330377,333803,336568,336667,336667,339956,344059,347926,351201,353654,353677,353677,355094,356383,357603,358967,358969,358979,358979,361889,365421,367545,369086,370050,370069,370071,372669,375985,378964,381648,383267
Aysén,First,0,0,0,0,0,0,0,0,0,0,0,0,0,0,0,0,0,0,0,0,0,0,0,0,0,629,1702,1975,2045,2045,2045,2045,2045,2045,2045,2045,2045,2045,2045,2045,2262,3566,4934,6071,6089,6089,7326,8483,10110,11449,12805,12853,12861,14379,15638,16886,18235,19483,19564,19564,20357,21138,21841,22522,22895,22906,22906,23545,24360,25283,26012,26756,26761,26761,27297,27891,28422,29114,29697,29712,29712,30458,31321,32113,32899,33452,33472,33472,34046,34742,35282,35851,36401,36401,36401,37003,37636,38178,38772,38772,38836,38838,39253,39650,40014,40321,40608,40610,40610,40990,41340,41692,42012,42309,42312,42312,42575,42923,43172,43506,43808,43824,43824,44117,44377,44708,45073,45496,45597,45597,46076,46551,46935,47346,47666,47701,47701,48131,48591,49074,49444,49823,49904,49906,50373,50981,51644,52323,52323,52741,52741,54260,55787,57050,58048,59254,59583,59583,60814,61796,62529,62964,63226
Aysén,Second,0,0,0,0,0,0,0,0,0,0,0,0,0,0,0,0,0,0,0,0,0,0,0,0,0,0,0,0,0,0,0,0,0,0,0,0,0,0,0,0,0,0,0,0,0,0,645,1681,1926,1998,1999,1999,1999,1999,1999,1999,1999,1999,1999,1999,2000,2005,2009,2015,2027,2027,2027,2029,2259,3391,4759,5830,5850,5850,7048,8206,9767,11079,12336,12369,12376,13955,15422,16846,18440,19744,19813,19813,20711,21618,22083,22498,22813,22813,22813,23360,23951,24765,25542,25548,25548,25548,26301,26944,27485,28011,28537,28543,28543,29372,30286,31111,31757,32339,32343,32343,32898,33589,34129,34661,35200,35213,35214,35844,36379,36930,37540,37729,37729,37729,38068,38484,38882,39200,39460,39472,39472,39788,40180,40528,40767,40960,40969,40972,41361,41782,42047,42428,42429,42476,42476,42881,43232,43681,44008,44503,44555,44555,45058,45552,45924,46359,46641
Magallanes,First,0,165,165,165,165,165,165,165,165,165,165,165,165,165,165,165,165,165,165,165,166,166,166,166,166,166,166,166,166,166,166,166,166,166,166,166,166,166,166,166,222,3606,6713,8985,9021,9021,12183,15501,20136,23654,26708,26714,26720,30330,32709,35304,37064,38784,38986,38996,39844,40564,41478,42475,43314,43402,43402,45570,47961,50154,51914,53445,53454,53458,54719,56018,57234,58908,60161,60165,60206,61664,63464,64743,66162,67550,67563,67574,69198,70586,72137,73489,75415,75426,75428,76793,78035,79295,80658,80659,80659,80659,81530,82823,84121,85130,85897,85900,85902,86873,87714,88709,89633,90457,90460,90460,91111,91846,92368,93130,93471,93474,93475,93575,94200,94806,95035,95265,95265,95265,95782,96390,96967,97418,97981,97991,97991,98699,99636,100229,100870,101654,101655,101656,102382,103264,104317,105677,105678,105678,105678,107296,108643,110064,111373,112418,112788,113226,114083,114893,115609,115692,115768
Magallanes,Second,0,0,0,0,0,0,0,0,0,0,0,0,0,0,0,0,0,0,0,0,132,157,163,163,163,163,163,163,163,163,163,163,163,163,163,163,163,163,163,163,163,163,163,164,164,164,164,164,164,164,164,164,164,164,164,164,164,164,164,164,164,164,164,165,165,165,165,165,210,3312,6247,8475,8521,8523,11648,14761,19197,22730,25757,25769,25776,29367,32060,35166,37442,39306,39318,39320,40209,41058,41500,42125,42667,42676,42676,44268,46851,48989,50839,50840,50844,50846,52788,54313,55553,57074,58274,58281,58283,59477,60989,62387,63797,65338,65352,65354,66737,68333,69861,70969,71969,71978,71978,72916,74374,75661,76701,77280,77284,77284,78223,79830,80676,82035,82901,82906,82906,83864,84877,85821,86617,87422,87423,87423,87892,88593,89359,90366,90371,90372,90372,90783,91618,92432,92909,93304,93305,93305,93677,94332,94889,95420,95963
